169 Bar,0.65,
7B,0.33,
ABC Beer Co.,0.83,
Aldo Sohm Wine Bar,0.34,
Alewife Queens,0.69,
Amor y Amargo,0.91,
Angel's Share,0.47,
Apotheke,1.05,
Attaboy,0.14,
Bar Goto,0.32,
Bar Nine,0.88,
Bar Sixtyfive,0.3,
Barcade,0.92,
Beauty Bar,0.52,
Bemelmans Bar,0.95,
BlackTail,0.73,
Blind Tiger Ale House,1.37,
Blue Bar,0.45,
Bohemian Hall & Beer Garden,0.66,
Boxer,0.16,
Broken Shaker,0.28,
Bronx Alehouse,0.56,
Bua,0.7,
Clockwork Bar,0.74,
Clover Club,0.58,
Connolly's Bar,0.78,
Copper & Oak,0.2,
d.b.a.,0.29,
Daddy-O,0.76,
Dante,1.15,
Dear Irving,1.4,
Death & Company,0.87,
Dive Bar,0.75,
Donna,0.46,
Donovan's Pub,0.54,
Dutch Kills,0.98,
e's Bar,0.18,
Ear Inn,0.37,
Employees Only,0.51,
Gallow Green,0.61,
Ghost Donkey,0.24,
Grand Banks,0.27,
Holiday Cocktail Lounge,0.4,
Jimmy's corner,0.86,
Julius',0.19,
Keats Bar,0.82,
KGB Bar,0.48,
Killmeyer's,0.35,
King Cole Bar,0.44,
Lee's Tavern,0.94,
LENA,0.62,
Leyenda,0.55,
Little Branch,1.32,
Lucy's a.k.a. Blanche's Tavern,0.6,
Mace,0.43,
Maison Premiere,0.21,
Mayahuel,0.42,
McSorley's Old Ale House,0.85,
Mona's,0.41,
Nitecap,0.15,
Nowhere,0.26,
Old Town Bar,0.17,
Orange Street,0.53,
PDT,0.5,
Pegu Club,0.67,
Phoenix Bar,0.72,
Please Don't Tell,0.1,
Pouring Ribbons,1.28,
Primo's,0.64,
Rainbow Room,0.38,
Raines Law Room,0.84,
Rose Bar,0.81,
Rudy's,1.55,
Slowly Shirley,1.25,
Spring Lounge,0.71,
Subject,0.97,
Sugar East,0.12,
The 13th Step,1.2,
The Aviary NYC,0.8,
The Campbell,0.93,
The Central Bar,0.13,
The Counting Room,1.35,
The Dead Rabbit,1,
The Ginger Man,0.68,
The Honeywell,1.45,
The Iron Horse NYC,0.31,
The Long Island Bar,0.39,
The NoMad Bar,0.36,
The Pony Bar,1.34,
The Pool Lounge,1.47,
The Ship,0.63,
The Summit Bar,0.48,
The Up & Up,0.9,
The Wayland,0.96,
Tonic Bar,0.89,
Torst,0.59,
Townhouse of New York,0.77,
Ty Bar,1.27,
Until Tomorrow,0.57,
Zinc Bar,0.79,