Tsingtao,4
Asahi,3.5
Kirin,5
Sapporo,4
Tiger beer,5
San Miguel Pale Pilsen,4.25
Hite,4
Cass,3.75
OB Golden Lager,4.75
Singha beer,4.5
Budvar Svetly Lezak,6
Pilsner Urquell,5.25
Lowenbrau,4
Guinness,4.75
Budweiser,3.75
Coors,5
Pabst Blue Ribbon,6
Labatts Blue,3.5
Dos Equis,4
Tecate,5.25
Ichnusa beer,6
Birra Moretti,4.45
Chimay Blue Top,3.75
Leffe Blonde,4
Duvel,4.5
Gambrinus Premium,3
Newcastle Brown Ale,4
Carling Black Label,6
Old Speckled Hen,5
Stiegl Bier,5.25
Carlsberg,4.95
Tuborg,5
Kronenbourg,3.75
Coreff Ambree,4
Warsteiner,4.25
Paulaner Hefe,5
Erdinger Pikantus,5.5
Mythos Sindos,6
Dreher,4.5
Harp Lager,5
Caffrey's,3.75
Peroni,4
Heineken,5
Grolsch,4.75
Amstel Light,5
Timisoreana,6.25
Lasko,5.45
Union,3.75
Efes Dark,5
Beer Chang,4.75
Cheeseburger,5.75
French fries,3.75
Nachos,4.25
Chicken wings,8.25
Quesadilla,6.25
Onion rings,4.25
Tater tots,3.25
Mozoralla sticks,4.5
Potato skins,4.25
Pretzel,3.75
Coca cola,2
Sweet tea,2.5
Sprite,2
Root beer,2
Club soda,2
