Tsingtao,beer,Tsingtao Brewery Co
Asahi,beer,Asahi Breweries
Kirin,beer,Kirin Holdings Company
Sapporo,beer,Sapporo Breweries
Tiger beer,beer,Heineken
San Miguel Pale Pilsen,beer,San Miguel Brewery Inc
Hite,beer,Hite Brewery
Cass,beer,Oriental Brewery Co
OB Golden Lager,beer,Oriental Brewery Co
Singha beer,beer,Boon Rawd Brewery
Budvar Svetly Lezak,beer,Anheuser Busch
Pilsner Urquell,beer,Pilsner Urquell Brewery
Lowenbrau,beer,Anheuser Busch InBev
Guinness,beer,Diageo
Budweiser,beer,Anheuser Busch
Coors,beer,Molson Coors Brewing Company
Pabst Blue Ribbon,beer,Pabst Brewing Companyn
Labatts Blue,beer,Labatt Brewing Company Limited
Dos Equis,beer,Cervecería Cuauhtémoc Moctezuma
Tecate,beer,Cervecería Cuauhtémoc Moctezuma
Ichnusa beer,beer,Heineken International
Birra Moretti,beer,Heineken International
Chimay Blue Top,beer,Bières de Chimay
Leffe Blonde,beer, InBev Belgium
Duvel,beer,Duvel Moortgat Brewery
Gambrinus Premium,beer,Pilsner Urquell Brewery
Newcastle Brown Ale,beer,Heineken
Carling Black Label,beer,Carling Brewing Company
Old Speckled Hen,beer,Greene King Brewery
Stiegl Bier,beer,Stieglbrauerei zu Salzburg
Carlsberg,beer,Carlsberg Brewery
Tuborg,beer,Carlsberg Brewery
Kronenbourg,beer,Kronenbourg
Coreff Ambree,beer,Coreff
Warsteiner,beer,Warsteiner Brauerei
Paulaner Hefe,beer,Weizen Paulaner Brauerei
Erdinger Pikantus,beer,Erdinger Weissbräu
Mythos Sindos,beer,Olympic Brewery
Dreher,beer,Dreher Brewery
Harp Lager,beer,St. James's Gate
Caffrey's,beer,Molson Coors UK
Peroni,beer,Birra Peroni Industriale
Heineken,beer,Heineken Nederland
Grolsch,beer,Grolsche Bierbrouwerij Ned
Amstel Light,beer,Heineken Nederland
Timisoreana,beer,Ursus Breweries
Lasko,beer,Lasko Brewery
Union,beer,Pivovarna Union
Efes Dark,beer,Anadolu Efes
Beer Chang,beer,Thai Beverages
Cheeseburger,food,BLANK
French fries,food,BLANK
Nachos,food,BLANK
Chicken wings,food,BLANK
Quesadilla,food,BLANK
Onion rings,food,BLANK
Tater tots,food,BLANK
Mozoralla sticks,food,BLANK
Potato skins,food,BLANK
Pretzel,food,BLANK
Coca cola,drink,BLANK
Sweet tea,drink,BLANK
Sprite,drink,BLANK
Root beer,drink,BLANK
Club soda,drink,BLANK
