{Name=The Dead Rabbit, Address=192 West 36 street, City=Boston, Opening=7:00pm, Closing=1:30am, PhoneNum=212731978}
{Name=Death & Company, Address=119 East 69 street, City=Boston, Opening=7:30pm, Closing=3:00am, PhoneNum=212270153}
{Name=Pouring Ribbons, Address=138 West 35 street, City=Boston, Opening=9:00pm, Closing=3:30am, PhoneNum=212896825}
{Name=Mace, Address=29 East 15 street, City=Chicago, Opening=6:00pm, Closing=2:00am, PhoneNum=212333398}
{Name=Attaboy, Address=63 West 59 street, City=Austin, Opening=6:00pm, Closing=2:00am, PhoneNum=212598517}
{Name=Torst, Address=179 West 14 street, City=Boston, Opening=9:00pm, Closing=1:30am, PhoneNum=212140123}
{Name=The NoMad Bar, Address=103 West 45 street, City=Austin, Opening=6:00pm, Closing=3:30am, PhoneNum=212705918}
{Name=Clover Club, Address=150 West 59 street, City=New York City, Opening=7:00pm, Closing=3:00am, PhoneNum=212547332}
{Name=Dante, Address=197 West 44 street, City=Chicago, Opening=7:30pm, Closing=2:00am, PhoneNum=212078920}
{Name=Nitecap, Address=112 West 27 street, City=Chicago, Opening=9:00pm, Closing=1:30am, PhoneNum=212100828}
{Name=The Aviary NYC, Address=47 East 9 street, City=Boston, Opening=6:00pm, Closing=1:30am, PhoneNum=212898514}
{Name=Bar Goto, Address=137 East 35 street, City=Chicago, Opening=7:30pm, Closing=4:00am, PhoneNum=212159946}
{Name=Maison Premiere, Address=13 West 25 street, City=Boston, Opening=9:00pm, Closing=2:30am, PhoneNum=212545700}
{Name=Dear Irving, Address=162 West 38 street, City=New York City, Opening=8:30pm, Closing=2:00am, PhoneNum=212656863}
{Name=Primo's, Address=182 East 57 street, City=Austin, Opening=6:00pm, Closing=2:30am, PhoneNum=212069919}
{Name=Pegu Club, Address=188 East 4 street, City=New York City, Opening=6:30pm, Closing=1:30am, PhoneNum=212000770}
{Name=Angel's Share, Address=61 East 3 street, City=Boston, Opening=6:30pm, Closing=2:30am, PhoneNum=212932384}
{Name=Until Tomorrow, Address=97 East 35 street, City=Boston, Opening=8:30pm, Closing=2:00am, PhoneNum=212588654}
{Name=Employees Only, Address=1 West 40 street, City=Chicago, Opening=6:30pm, Closing=3:00am, PhoneNum=212673498}
{Name=The Honeywell, Address=125 West 26 street, City=Chicago, Opening=8:30pm, Closing=3:00am, PhoneNum=212486599}
{Name=McSorley's Old Ale House, Address=81 West 30 street, City=Austin, Opening=9:00pm, Closing=2:30am, PhoneNum=212817560}
{Name=PDT, Address=14 West 65 street, City=New York City, Opening=8:30pm, Closing=4:00am, PhoneNum=212638307}
{Name=Aldo Sohm Wine Bar, Address=127 West 8 street, City=New York City, Opening=9:00pm, Closing=3:30am, PhoneNum=212362569}
{Name=Raines Law Room, Address=154 West 56 street, City=New York City, Opening=7:00pm, Closing=3:30am, PhoneNum=212624458}
{Name=Blind Tiger Ale House, Address=87 East 32 street, City=Chicago, Opening=9:00pm, Closing=2:00am, PhoneNum=212675165}
{Name=Holiday Cocktail Lounge, Address=3 East 35 street, City=Austin, Opening=7:30pm, Closing=4:00am, PhoneNum=212459273}
{Name=Dutch Kills, Address=68 East 14 street, City=Boston, Opening=7:00pm, Closing=4:00am, PhoneNum=212446331}
{Name=Broken Shaker, Address=122 East 31 street, City=Chicago, Opening=7:30pm, Closing=2:00am, PhoneNum=212360492}
{Name=Slowly Shirley, Address=156 West 48 street, City=Chicago, Opening=7:00pm, Closing=2:30am, PhoneNum=212951108}
{Name=Ghost Donkey, Address=4 West 40 street, City=Boston, Opening=6:30pm, Closing=3:00am, PhoneNum=212596653}
{Name=Mayahuel, Address=34 West 23 street, City=New York City, Opening=6:00pm, Closing=4:00am, PhoneNum=212603311}
{Name=Apotheke, Address=133 West 31 street, City=Chicago, Opening=6:30pm, Closing=3:30am, PhoneNum=212235652}
{Name=Little Branch, Address=3 West 37 street, City=Chicago, Opening=7:30pm, Closing=2:30am, PhoneNum=212136013}
{Name=Amor y Amargo, Address=124 East 43 street, City=Boston, Opening=8:30pm, Closing=2:30am, PhoneNum=212747445}
{Name=d.b.a., Address=161 East 4 street, City=Austin, Opening=8:30pm, Closing=2:30am, PhoneNum=212323411}
{Name=Orange Street, Address=77 West 54 street, City=Chicago, Opening=8:30pm, Closing=2:00am, PhoneNum=212467058}
{Name=Bemelmans Bar, Address=195 West 60 street, City=New York City, Opening=9:00pm, Closing=2:00am, PhoneNum=212907463}
{Name=Leyenda, Address=152 East 53 street, City=Chicago, Opening=7:30pm, Closing=2:00am, PhoneNum=212092724}
{Name=The Long Island Bar, Address=22 West 52 street, City=Austin, Opening=8:30pm, Closing=3:30am, PhoneNum=212604646}
{Name=Alewife Queens, Address=199 West 50 street, City=Austin, Opening=7:00pm, Closing=3:00am, PhoneNum=212941679}
{Name=Grand Banks, Address=89 West 18 street, City=Boston, Opening=7:30pm, Closing=3:00am, PhoneNum=212047958}
{Name=Sugar East, Address=194 West 70 street, City=Austin, Opening=6:30pm, Closing=2:30am, PhoneNum=212408105}
{Name=The Wayland, Address=184 West 5 street, City=New York City, Opening=8:30pm, Closing=2:30am, PhoneNum=212122128}
{Name=Copper & Oak, Address=174 East 28 street, City=Chicago, Opening=7:30pm, Closing=2:00am, PhoneNum=212403695}
{Name=Lucy's a.k.a. Blanche's Tavern, Address=41 East 36 street, City=Boston, Opening=6:30pm, Closing=3:00am, PhoneNum=212035110}
{Name=The Pool Lounge, Address=48 West 38 street, City=Boston, Opening=9:00pm, Closing=4:00am, PhoneNum=212929586}
{Name=Donna, Address=150 West 19 street, City=New York City, Opening=8:30pm, Closing=2:30am, PhoneNum=212178846}
{Name=Barcade, Address=21 East 48 street, City=New York City, Opening=6:00pm, Closing=3:30am, PhoneNum=212703272}
{Name=The Counting Room, Address=184 West 51 street, City=Chicago, Opening=6:30pm, Closing=2:00am, PhoneNum=212003373}
{Name=Old Town Bar, Address=7 West 7 street, City=New York City, Opening=6:00pm, Closing=3:00am, PhoneNum=212351877}
{Name=169 Bar, Address=146 West 46 street, City=New York City, Opening=7:00pm, Closing=1:30am, PhoneNum=212700126}
{Name=7B, Address=112 East 35 street, City=New York City, Opening=6:30pm, Closing=3:30am, PhoneNum=212075682}
{Name=ABC Beer Co., Address=59 West 33 street, City=Boston, Opening=8:30pm, Closing=2:00am, PhoneNum=212872039}
{Name=Rudy's, Address=122 East 68 street, City=Austin, Opening=6:00pm, Closing=2:00am, PhoneNum=212151140}
{Name=Bar Sixtyfive, Address=102 West 10 street, City=Chicago, Opening=8:30pm, Closing=1:30am, PhoneNum=212082088}
{Name=Bohemian Hall & Beer Garden, Address=132 West 69 street, City=Boston, Opening=7:30pm, Closing=3:00am, PhoneNum=212700172}
{Name=Bronx Alehouse, Address=145 West 35 street, City=Boston, Opening=6:30pm, Closing=3:30am, PhoneNum=212792341}
{Name=Connolly's Bar, Address=106 West 60 street, City=New York City, Opening=9:00pm, Closing=2:00am, PhoneNum=212316863}
{Name=Dead Rabbit, Address=154 East 68 street, City=Austin, Opening=7:00pm, Closing=2:00am, PhoneNum=212054395}
{Name=Donovan's Pub, Address=112 West 14 street, City=Austin, Opening=7:00pm, Closing=1:30am, PhoneNum=212447687}
{Name=Ear Inn, Address=42 West 22 street, City=Boston, Opening=7:00pm, Closing=2:30am, PhoneNum=212765304}
{Name=Jimmy"s corner, Address=107 West 9 street, City=Austin, Opening=7:30pm, Closing=4:00am, PhoneNum=212786171}
{Name=Killmeyer's, Address=144 West 33 street, City=New York City, Opening=9:00pm, Closing=4:00am, PhoneNum=212982661}
{Name=King Cole Bar, Address=91 West 31 street, City=Boston, Opening=7:00pm, Closing=2:00am, PhoneNum=212337021}
{Name=Lee's Tavern, Address=48 East 43 street, City=New York City, Opening=6:30pm, Closing=3:30am, PhoneNum=212641110}
{Name=Please Don’t Tell, Address=22 East 25 street, City=Boston, Opening=9:00pm, Closing=3:00am, PhoneNum=212918143}
{Name=The Up & Up, Address=51 West 31 street, City=Chicago, Opening=7:00pm, Closing=3:00am, PhoneNum=212075208}
{Name=Julius', Address=91 East 70 street, City=Chicago, Opening=7:30pm, Closing=3:30am, PhoneNum=212313137}
{Name=The Pony Bar, Address=184 West 33 street, City=Boston, Opening=8:30pm, Closing=1:30am, PhoneNum=212682705}
{Name=The Summit Bar, Address=26 East 58 street, City=Austin, Opening=9:00pm, Closing=2:30am, PhoneNum=212552781}
{Name=Spring Lounge, Address=75 East 5 street, City=New York City, Opening=7:30pm, Closing=2:00am, PhoneNum=212183917}
{Name=Dive Bar, Address=83 East 42 street, City=Boston, Opening=6:00pm, Closing=3:30am, PhoneNum=212323930}
{Name=Tonic Bar, Address=42 West 6 street, City=Chicago, Opening=8:30pm, Closing=3:30am, PhoneNum=212496724}
{Name=The Ginger Man, Address=125 West 52 street, City=Austin, Opening=7:00pm, Closing=3:30am, PhoneNum=212364085}
{Name=Clockwork Bar, Address=33 West 57 street, City=Austin, Opening=6:00pm, Closing=3:30am, PhoneNum=212077064}
{Name=Townhouse of New York, Address=160 East 13 street, City=New York City, Opening=7:30pm, Closing=3:00am, PhoneNum=212574220}
{Name=e's Bar, Address=125 East 11 street, City=Boston, Opening=9:00pm, Closing=1:30am, PhoneNum=212057354}
{Name=The Central Bar, Address=92 East 62 street, City=Austin, Opening=6:30pm, Closing=3:00am, PhoneNum=212966790}
{Name=KGB Bar, Address=75 West 3 street, City=New York City, Opening=7:00pm, Closing=2:00am, PhoneNum=212523775}
{Name=The 13th Step, Address=178 East 39 street, City=Austin, Opening=7:00pm, Closing=2:30am, PhoneNum=212016294}
{Name=Phoenix Bar, Address=33 West 67 street, City=Boston, Opening=6:00pm, Closing=1:30am, PhoneNum=212449638}
{Name=Subject, Address=46 West 57 street, City=Chicago, Opening=8:30pm, Closing=2:00am, PhoneNum=212369835}
{Name=The Ship, Address=50 West 41 street, City=Austin, Opening=8:30pm, Closing=3:00am, PhoneNum=212266628}
{Name=Ty Bar, Address=177 East 33 street, City=Austin, Opening=7:30pm, Closing=2:30am, PhoneNum=212240935}
{Name=BlackTail, Address=139 West 69 street, City=Boston, Opening=8:30pm, Closing=4:00am, PhoneNum=212655698}
{Name=Bar Nine, Address=131 West 39 street, City=Chicago, Opening=9:00pm, Closing=2:30am, PhoneNum=212039597}
{Name=The Iron Horse Nyc, Address=181 East 25 street, City=Boston, Opening=9:00pm, Closing=1:30am, PhoneNum=212194704}
{Name=Keats Bar, Address=98 West 6 street, City=Chicago, Opening=9:00pm, Closing=3:00am, PhoneNum=212812694}
{Name=Nowhere, Address=68 East 57 street, City=Austin, Opening=6:30pm, Closing=4:00am, PhoneNum=212609187}
{Name=Gallow Green, Address=24 West 27 street, City=Chicago, Opening=8:30pm, Closing=4:00am, PhoneNum=212277668}
{Name=Boxer, Address=57 East 68 street, City=Chicago, Opening=6:30pm, Closing=2:00am, PhoneNum=212097176}
{Name=LENA, Address=76 West 57 street, City=Boston, Opening=6:00pm, Closing=4:00am, PhoneNum=212547029}
{Name=Zinc Bar, Address=31 East 13 street, City=Boston, Opening=7:00pm, Closing=4:00am, PhoneNum=212158873}
{Name=Bua, Address=19 West 38 street, City=Austin, Opening=9:00pm, Closing=3:30am, PhoneNum=212976600}
{Name=the Campbell, Address=112 East 10 street, City=Boston, Opening=8:30pm, Closing=3:00am, PhoneNum=212595131}
{Name=Beauty Bar, Address=78 East 27 street, City=Austin, Opening=7:00pm, Closing=3:00am, PhoneNum=212221364}
{Name=Blue Bar, Address=169 West 34 street, City=New York City, Opening=6:30pm, Closing=3:00am, PhoneNum=212288899}
{Name=Mona's, Address=31 West 38 street, City=New York City, Opening=8:30pm, Closing=2:30am, PhoneNum=212799393}
{Name=Rainbow Room, Address=188 East 42 street, City=Austin, Opening=6:00pm, Closing=1:30am, PhoneNum=212580878}
{Name=Rose Bar, Address=38 West 69 street, City=Chicago, Opening=6:30pm, Closing=4:00am, PhoneNum=212194032}
