{Beer=Tsingtao, Manf=Tsingtao Brewery Co}
{Beer=Asahi, Manf=AsahiBreweries}
{Beer=Kirin, Manf=Kirin Holdings Company}
{Beer=Sapporo, Manf=Sapporo Breweries }
{Beer=Tiger Beer, Manf=Heineken}
{Beer=San Miguel Pale Pilsen, Manf=San Miguel Brewery Inc}
{Beer=Hite, Manf=Hite Brewery}
{Beer=Cass, Manf=Oriental Brewery Co}
{Beer=OB Golden Lager, Manf=Oriental Brewery Co}
{Beer=Singha Beer, Manf=Boon Rawd Brewery}
{Beer=Budvar Svetly Lezak, Manf=Anheuser Busch}
{Beer=Pilsner Urquell, Manf=Pilsner Urquell Brewery}
{Beer=Lowenbrau, Manf=Anheuser Busch InBev}
{Beer=Guinness, Manf=Diageo}
{Beer=Budweiser, Manf=Anheuser Busch}
{Beer=Coors, Manf=Molson Coors Brewing Company}
{Beer=Pabst Blue Ribbon, Manf=Pabst Brewing Companyn}
{Beer=Labatts Blue, Manf=Labatt Brewing Company Limited}
{Beer=Dos Equis, Manf=Cervecería Cuauhtémoc Moctezuma }
{Beer=Tecate, Manf=Cervecería Cuauhtémoc Moctezuma }
{Beer=Ichnusa Beer, Manf=Heineken International}
{Beer=Birra Moretti, Manf=Heineken International}
{Beer=Chimay Blue Top, Manf=Bières de Chimay}
{Beer=Leffe Blonde, Manf= InBev Belgium}
{Beer=Duvel, Manf=Duvel Moortgat Brewery}
{Beer=Gambrinus Premium, Manf=Pilsner Urquell Brewery}
{Beer=Newcastle Brown Ale, Manf=Heineken}
{Beer=Carling Black Label, Manf=Carling Brewing Company}
{Beer=Old Speckled Hen, Manf=Greene King Brewery}
{Beer=Stiegl Bier, Manf=Stieglbrauerei zu Salzburg}
{Beer=Carlsberg, Manf=Carlsberg Brewery}
{Beer=Tuborg, Manf=Carlsberg Brewery}
{Beer=Kronenbourg, Manf=Kronenbourg }
{Beer=Coreff Ambree, Manf=Coreff}
{Beer=Warsteiner, Manf=Warsteiner Brauerei}
{Beer=Paulaner Hefe, Manf=Weizen Paulaner Brauerei }
{Beer=Erdinger Pikantus, Manf=Erdinger Weissbräu}
{Beer=Mythos, Manf=Olympic Brewery, Sindos}
{Beer=Dreher, Manf=Dreher Sörgyárak}
{Beer=Harp Lager, Manf=St. James's Gate }
{Beer=Caffrey's, Manf=Molson Coors UK}
{Beer=Peroni, Manf=Birra Peroni Industriale}
{Beer=Heineken, Manf=Heineken Nederland}
{Beer=Grolsch, Manf=Grolsche Bierbrouwerij Ned}
{Beer=Amstel Light, Manf=Heineken Nederland}
{Beer=Timisoreana, Manf=Ursus Breweries}
{Beer=Lasko, Manf=Pivovarna Laško}
{Beer=Union, Manf=Pivovarna Union}
{Beer=Efes Dark, Manf=Anadolu Efes}
{Beer=Beer Chang, Manf=Thai Beverages}
