{Name=The Dead Rabbit, Address=200 East 55 street, City=New York City, Opening=6:00pm, Closing=1:00am, PhoneNum=800287390}
{Name=Death & Company, Address=183 West 16 street, City=New York City, Opening=9:30pm, Closing=2:00am, PhoneNum=800537799}
{Name=Pouring Ribbons, Address=67 East 70 street, City=New York City, Opening=7:00pm, Closing=3:30am, PhoneNum=800711683}
{Name=Mace, Address=168 East 52 street, City=New York City, Opening=9:00pm, Closing=2:00am, PhoneNum=800431007}
{Name=Attaboy, Address=160 East 69 street, City=New York City, Opening=8:30pm, Closing=2:00am, PhoneNum=800829494}
{Name=Torst, Address=68 East 56 street, City=New York City, Opening=9:00pm, Closing=2:00am, PhoneNum=800486140}
{Name=The NoMad Bar, Address=177 West 31 street, City=New York City, Opening=8:30pm, Closing=4:00am, PhoneNum=800916403}
{Name=Clover Club, Address=144 East 42 street, City=New York City, Opening=6:00pm, Closing=1:30am, PhoneNum=800097387}
{Name=Dante, Address=57 West 14 street, City=New York City, Opening=6:30pm, Closing=1:00am, PhoneNum=800631472}
{Name=Nitecap, Address=11 West 2 street, City=New York City, Opening=6:30pm, Closing=2:00am, PhoneNum=800081877}
{Name=The Aviary NYC, Address=112 East 6 street, City=New York City, Opening=6:00pm, Closing=3:00am, PhoneNum=800415571}
{Name=Bar Goto, Address=69 East 2 street, City=New York City, Opening=7:00pm, Closing=1:00am, PhoneNum=800498915}
{Name=Maison Premiere, Address=38 East 38 street, City=New York City, Opening=6:30pm, Closing=2:30am, PhoneNum=800039997}
{Name=Dear Irving, Address=156 West 8 street, City=New York City, Opening=6:00pm, Closing=1:30am, PhoneNum=800696008}
{Name=Primo's, Address=91 West 70 street, City=New York City, Opening=6:30pm, Closing=3:30am, PhoneNum=800030453}
{Name=Pegu Club, Address=173 East 11 street, City=New York City, Opening=9:30pm, Closing=1:00am, PhoneNum=800909407}
{Name=Angel's Share, Address=134 East 66 street, City=New York City, Opening=9:30pm, Closing=1:00am, PhoneNum=800391607}
{Name=Until Tomorrow, Address=180 West 18 street, City=New York City, Opening=8:30pm, Closing=4:00am, PhoneNum=800299455}
{Name=Employees Only, Address=146 West 33 street, City=New York City, Opening=7:00pm, Closing=1:00am, PhoneNum=800042058}
{Name=The Honeywell, Address=107 West 44 street, City=New York City, Opening=7:30pm, Closing=2:30am, PhoneNum=800409503}
{Name=McSorley's Old Ale House, Address=115 East 6 street, City=New York City, Opening=7:00pm, Closing=3:00am, PhoneNum=800288597}
{Name=PDT, Address=168 West 25 street, City=New York City, Opening=9:00pm, Closing=4:00am, PhoneNum=800532757}
{Name=Aldo Sohm Wine Bar, Address=195 West 24 street, City=New York City, Opening=9:00pm, Closing=1:00am, PhoneNum=800936939}
{Name=Raines Law Room, Address=100 West 7 street, City=New York City, Opening=9:00pm, Closing=1:00am, PhoneNum=800963656}
{Name=Blind Tiger Ale House, Address=62 West 64 street, City=New York City, Opening=7:30pm, Closing=2:00am, PhoneNum=800698293}
{Name=Holiday Cocktail Lounge, Address=170 East 65 street, City=New York City, Opening=9:30pm, Closing=1:30am, PhoneNum=800371656}
{Name=Dutch Kills, Address=137 East 19 street, City=New York City, Opening=8:30pm, Closing=1:30am, PhoneNum=800124149}
{Name=Broken Shaker, Address=100 West 35 street, City=New York City, Opening=7:00pm, Closing=1:00am, PhoneNum=800786642}
{Name=Slowly Shirley, Address=168 West 61 street, City=New York City, Opening=7:30pm, Closing=4:00am, PhoneNum=800548003}
{Name=Ghost Donkey, Address=49 West 36 street, City=New York City, Opening=9:00pm, Closing=4:00am, PhoneNum=800779746}
{Name=Mayahuel, Address=190 West 61 street, City=New York City, Opening=6:00pm, Closing=1:00am, PhoneNum=800027617}
{Name=Apotheke, Address=16 East 49 street, City=New York City, Opening=8:30pm, Closing=1:30am, PhoneNum=800472980}
{Name=Little Branch, Address=121 West 48 street, City=New York City, Opening=6:30pm, Closing=3:30am, PhoneNum=800894749}
{Name=Amor y Amargo, Address=40 East 53 street, City=New York City, Opening=7:00pm, Closing=2:00am, PhoneNum=800245332}
{Name=d.b.a., Address=52 West 24 street, City=New York City, Opening=9:00pm, Closing=2:30am, PhoneNum=800300676}
{Name=Orange Street, Address=72 East 4 street, City=New York City, Opening=6:30pm, Closing=1:30am, PhoneNum=800395363}
{Name=Bemelmans Bar, Address=193 West 53 street, City=New York City, Opening=6:30pm, Closing=1:00am, PhoneNum=800002381}
{Name=Leyenda, Address=86 East 65 street, City=New York City, Opening=9:30pm, Closing=1:00am, PhoneNum=800065787}
{Name=The Long Island Bar, Address=119 East 10 street, City=New York City, Opening=7:00pm, Closing=2:30am, PhoneNum=800835428}
{Name=Alewife Queens, Address=7 West 56 street, City=New York City, Opening=9:30pm, Closing=3:00am, PhoneNum=800225708}
{Name=Grand Banks, Address=60 East 1 street, City=New York City, Opening=6:00pm, Closing=3:30am, PhoneNum=800801342}
{Name=Sugar East, Address=111 West 61 street, City=New York City, Opening=9:30pm, Closing=3:30am, PhoneNum=800621102}
{Name=The Wayland, Address=20 West 54 street, City=New York City, Opening=6:30pm, Closing=2:00am, PhoneNum=800748344}
{Name=Copper & Oak, Address=182 East 16 street, City=New York City, Opening=7:00pm, Closing=1:30am, PhoneNum=800774357}
{Name=Lucy's a.k.a. Blanche's Tavern, Address=26 East 44 street, City=New York City, Opening=6:00pm, Closing=1:00am, PhoneNum=800201913}
{Name=The Pool Lounge, Address=64 West 11 street, City=New York City, Opening=9:00pm, Closing=3:00am, PhoneNum=800643430}
{Name=Donna, Address=192 East 16 street, City=New York City, Opening=7:30pm, Closing=2:00am, PhoneNum=800179356}
{Name=Barcade, Address=52 West 5 street, City=New York City, Opening=6:30pm, Closing=2:30am, PhoneNum=800060145}
{Name=The Counting Room, Address=175 East 47 street, City=New York City, Opening=8:30pm, Closing=4:00am, PhoneNum=800667092}
{Name=Old Town Bar, Address=100 West 32 street, City=New York City, Opening=9:00pm, Closing=1:00am, PhoneNum=800864532}
