﻿{Name=Abel Watkins, Address=114 Henry Rd, City=Boston, PhoneNum=212307978}
{Name=Abigail Gates, Address=580 Kenmare Rd, City=Boston, PhoneNum=212156042}
{Name=Abram Willis, Address=44 Kenmare Rd, City=Boston, PhoneNum=212989114}
{Name=Adam Beck, Address=99 Commerce Rd, City=Boston, PhoneNum=212189175}
{Name=Adam Price, Address=231 Commerce Rd, City=Boston, PhoneNum=212793772}
{Name=Adelaide Weston, Address=559 Morton Rd, City=Boston, PhoneNum=212105712}
{Name=Adele Velasquez, Address=392 Morton Rd, City=Boston, PhoneNum=212054289}
{Name=Adrian Green, Address=326 Minetta Rd, City=Boston, PhoneNum=212527802}
{Name=Agnes Chung, Address=571 Kenmare Rd, City=Boston, PhoneNum=212389357}
{Name=Agustin Pierce, Address=394 Canal Rd, City=Boston, PhoneNum=212424972}
{Name=Aisha Cross, Address=148 Downing Rd, City=Boston, PhoneNum=212242983}
{Name=Alan Colon, Address=53 Kenmare Rd, City=Boston, PhoneNum=212301200}
{Name=Alanna Richards, Address=55 Leroy Rd, City=Boston, PhoneNum=212937243}
{Name=Alden Castro, Address=225 Downing Rd, City=Boston, PhoneNum=212708310}
{Name=Aldo Leach, Address=35 Downing Rd, City=Boston, PhoneNum=212770185}
{Name=Alec Atkins, Address=582 Leroy Rd, City=Boston, PhoneNum=212847392}
{Name=Alec Henry, Address=168 Canal Rd, City=Boston, PhoneNum=212547719}
{Name=Alexandra Marsh, Address=416 Morton Rd, City=Boston, PhoneNum=212490880}
{Name=Alexis Morales, Address=122 Leroy Rd, City=Boston, PhoneNum=212913874}
{Name=Alfonso Bond, Address=538 Commerce Rd, City=Boston, PhoneNum=212666581}
{Name=Alfred Cain, Address=176 Commerce Rd, City=Boston, PhoneNum=212702074}
{Name=Alfreda York, Address=336 Kenmare Rd, City=Boston, PhoneNum=212939394}
{Name=Alfredo Mack, Address=199 Henry Rd, City=Boston, PhoneNum=212592644}
{Name=Ali Tanner, Address=500 Canal Rd, City=Boston, PhoneNum=212049985}
{Name=Alisha Cowan, Address=322 Downing Rd, City=Boston, PhoneNum=212794861}
{Name=Alisha Vargas, Address=524 Henry Rd, City=Boston, PhoneNum=212141929}
{Name=Allyson Rich, Address=52 Minetta Rd, City=Boston, PhoneNum=212525966}
{Name=Alma Montgomery, Address=447 Morton Rd, City=Boston, PhoneNum=212863265}
{Name=Alonzo Navarro, Address=441 Leroy Rd, City=Boston, PhoneNum=212702862}
{Name=Alton Baxter, Address=126 Minetta Rd, City=Boston, PhoneNum=212814833}
{Name=Alyson Glenn, Address=539 Kenmare Rd, City=Boston, PhoneNum=212479784}
{Name=Alyssa English, Address=143 Minetta Rd, City=Boston, PhoneNum=212734652}
{Name=Alyssa Gonzales, Address=387 Kenmare Rd, City=Boston, PhoneNum=212646230}
{Name=Amalia Huffman, Address=221 Morton Rd, City=Boston, PhoneNum=212605290}
{Name=Amber Hensley, Address=81 Commerce Rd, City=Boston, PhoneNum=212548813}
{Name=Amber Meyers, Address=50 Downing Rd, City=Boston, PhoneNum=212583526}
{Name=Amos Torres, Address=240 Minetta Rd, City=Boston, PhoneNum=212026049}
{Name=Amrit Ruiz, Address=294 Leroy Rd, City=Boston, PhoneNum=212006457}
{Name=Amy Dennis, Address=36 Commerce Rd, City=Boston, PhoneNum=212617736}
{Name=Ana Vance, Address=152 Commerce Rd, City=Boston, PhoneNum=212774719}
{Name=Anderson Sims, Address=63 Henry Rd, City=Boston, PhoneNum=212574568}
{Name=Andre Jordan, Address=144 Canal Rd, City=Boston, PhoneNum=212733427}
{Name=Andrew Short, Address=65 Morton Rd, City=Boston, PhoneNum=212133619}
{Name=Angelina Morton, Address=578 Morton Rd, City=Boston, PhoneNum=212822724}
{Name=Angie Bell, Address=192 Minetta Rd, City=Boston, PhoneNum=212954931}
{Name=Anibal Pearson, Address=471 Leroy Rd, City=Boston, PhoneNum=212626483}
{Name=Anna Oneal, Address=160 Henry Rd, City=Boston, PhoneNum=212650269}
{Name=Annette Wilcox, Address=115 Commerce Rd, City=Boston, PhoneNum=212007828}
{Name=Annie Lloyd, Address=593 Canal Rd, City=Boston, PhoneNum=212404990}
{Name=Annmarie Washington, Address=255 Canal Rd, City=Boston, PhoneNum=212946833}
{Name=Ariel Garcia, Address=462 Kenmare Rd, City=Boston, PhoneNum=212745575}
{Name=Ariel Rogers, Address=334 Commerce Rd, City=Boston, PhoneNum=212859390}
{Name=Arlen Bray, Address=411 Canal Rd, City=Boston, PhoneNum=212370331}
{Name=Arlene Salazar, Address=69 Commerce Rd, City=Boston, PhoneNum=212761639}
{Name=Arlie Hopkins, Address=486 Minetta Rd, City=Boston, PhoneNum=212315553}
{Name=Armand Hicks, Address=376 Minetta Rd, City=Boston, PhoneNum=212301784}
{Name=Armando Parker, Address=82 Downing Rd, City=Boston, PhoneNum=212426839}
{Name=Arnulfo Bonilla, Address=454 Kenmare Rd, City=Boston, PhoneNum=212388271}
{Name=Arran Connolly, Address=212 Minetta Rd, City=Boston, PhoneNum=212441480}
{Name=Asa Benitez, Address=246 Morton Rd, City=Boston, PhoneNum=212566166}
{Name=Ashley Strong, Address=466 Downing Rd, City=Boston, PhoneNum=212397740}
{Name=Aubrey Ibarra, Address=241 Morton Rd, City=Boston, PhoneNum=212969882}
{Name=Audra Schneider, Address=267 Morton Rd, City=Boston, PhoneNum=212254048}
{Name=August Myers, Address=118 Leroy Rd, City=Boston, PhoneNum=212394255}
{Name=Augusta Nguyen, Address=522 Minetta Rd, City=Boston, PhoneNum=212817289}
{Name=Augustine Mack, Address=77 Canal Rd, City=Boston, PhoneNum=212311616}
{Name=Augustus Spence, Address=547 Canal Rd, City=Boston, PhoneNum=212547636}
{Name=Austin Rios, Address=540 Kenmare Rd, City=Boston, PhoneNum=212499416}
{Name=Ava-Rose Christian, Address=6 Minetta Rd, City=Boston, PhoneNum=212569366}
{Name=Azaan Rodgers, Address=40 Commerce Rd, City=Boston, PhoneNum=212576598}
{Name=Barney Hebert, Address=68 Commerce Rd, City=Boston, PhoneNum=212365423}
{Name=Barney Meyers, Address=299 Kenmare Rd, City=Boston, PhoneNum=212531895}
{Name=Barrett Peck, Address=259 Downing Rd, City=Boston, PhoneNum=212192552}
{Name=Barry Mcneil, Address=417 Morton Rd, City=Boston, PhoneNum=212775218}
{Name=Beau Adkins, Address=549 Canal Rd, City=Boston, PhoneNum=212474374}
{Name=Beau Daugherty, Address=211 Henry Rd, City=Boston, PhoneNum=212250451}
{Name=Becky Stephenson, Address=301 Leroy Rd, City=Boston, PhoneNum=212771088}
{Name=Belle Davis, Address=130 Morton Rd, City=Boston, PhoneNum=212302391}
{Name=Benedict Rosario, Address=528 Commerce Rd, City=Boston, PhoneNum=212099207}
{Name=Benjamin Rubio, Address=421 Commerce Rd, City=Boston, PhoneNum=212267774}
{Name=Bennett Khan, Address=469 Kenmare Rd, City=Boston, PhoneNum=212003717}
{Name=Bennett Kirk, Address=107 Commerce Rd, City=Boston, PhoneNum=212103991}
{Name=Bennie Greer, Address=409 Henry Rd, City=Boston, PhoneNum=212790898}
{Name=Bernard Massey, Address=417 Henry Rd, City=Boston, PhoneNum=212955448}
{Name=Bernie Bolton, Address=73 Canal Rd, City=Boston, PhoneNum=212849810}
{Name=Bertha Gomez, Address=127 Downing Rd, City=Boston, PhoneNum=212358601}
{Name=Bertie Nicholson, Address=322 Canal Rd, City=Boston, PhoneNum=212540425}
{Name=Bertie Wells, Address=371 Leroy Rd, City=Boston, PhoneNum=212169801}
{Name=Bessie Palacios, Address=103 Kenmare Rd, City=Boston, PhoneNum=212824295}
{Name=Betsy Hays, Address=324 Henry Rd, City=Boston, PhoneNum=212360119}
{Name=Betsy Murray, Address=598 Downing Rd, City=Boston, PhoneNum=212788998}
{Name=Beverley Roy, Address=10 Commerce Rd, City=Boston, PhoneNum=212768850}
{Name=Bill Ali, Address=40 Kenmare Rd, City=Boston, PhoneNum=212595846}
{Name=Bill Hampton, Address=157 Leroy Rd, City=Boston, PhoneNum=212605517}
{Name=Billy Craig, Address=129 Downing Rd, City=Boston, PhoneNum=212212279}
{Name=Blade Beck, Address=211 Commerce Rd, City=Boston, PhoneNum=212833943}
{Name=Bobbie Garner, Address=316 Minetta Rd, City=Boston, PhoneNum=212154580}
{Name=Bobbie Moss, Address=369 Henry Rd, City=Boston, PhoneNum=212756957}
{Name=Bonita Garza, Address=127 Canal Rd, City=Boston, PhoneNum=212893356}
{Name=Boyce Briggs, Address=202 Commerce Rd, City=Boston, PhoneNum=212416766}
{Name=Brad Tucker, Address=256 Canal Rd, City=Boston, PhoneNum=212979588}
{Name=Brandi Reilly, Address=333 Minetta Rd, City=Boston, PhoneNum=212554289}
{Name=Brandy Webb, Address=147 Downing Rd, City=Boston, PhoneNum=212947802}
{Name=Brenda Odom, Address=310 Canal Rd, City=Boston, PhoneNum=212781433}
{Name=Brendon Calhoun, Address=334 Canal Rd, City=Boston, PhoneNum=212893598}
{Name=Bret Grimes, Address=339 Morton Rd, City=Boston, PhoneNum=212493705}
{Name=Bret Russell, Address=382 Leroy Rd, City=Boston, PhoneNum=212511337}
{Name=Brett Brewer, Address=330 Henry Rd, City=Boston, PhoneNum=212529359}
{Name=Brice Oneal, Address=455 Morton Rd, City=Boston, PhoneNum=212735169}
{Name=Bridgette Conner, Address=501 Canal Rd, City=Boston, PhoneNum=212596815}
{Name=Brigitte Rosales, Address=493 Minetta Rd, City=Boston, PhoneNum=212713663}
{Name=Brock Manning, Address=312 Kenmare Rd, City=Boston, PhoneNum=212457485}
{Name=Bryce Ho, Address=417 Minetta Rd, City=Boston, PhoneNum=212953670}
{Name=Bryce Sampson, Address=357 Downing Rd, City=Boston, PhoneNum=212790757}
{Name=Buster Hale, Address=208 Kenmare Rd, City=Boston, PhoneNum=212871254}
{Name=Buster Kerr, Address=59 Canal Rd, City=Boston, PhoneNum=212213908}
{Name=Calvin Rangel, Address=531 Canal Rd, City=Boston, PhoneNum=212352970}
{Name=Candy Joyce, Address=460 Downing Rd, City=Boston, PhoneNum=212348582}
{Name=Carey Mccall, Address=252 Kenmare Rd, City=Boston, PhoneNum=212019792}
{Name=Carey Monroe, Address=65 Minetta Rd, City=Boston, PhoneNum=212364241}
{Name=Carlo Kaiser, Address=335 Canal Rd, City=Boston, PhoneNum=212066728}
{Name=Carlo Macdonald, Address=347 Minetta Rd, City=Boston, PhoneNum=212194611}
{Name=Carol Hobbs, Address=340 Downing Rd, City=Boston, PhoneNum=212573920}
{Name=Carol Lane, Address=502 Kenmare Rd, City=Boston, PhoneNum=212703997}
{Name=Caroline Schmidt, Address=194 Morton Rd, City=Boston, PhoneNum=212074342}
{Name=Carroll Baxter, Address=12 Henry Rd, City=Boston, PhoneNum=212962071}
{Name=Carson Riley, Address=507 Leroy Rd, City=Boston, PhoneNum=212219602}
{Name=Carwyn Ferrell, Address=242 Downing Rd, City=Boston, PhoneNum=212622610}
{Name=Cary Bullock, Address=88 Kenmare Rd, City=Boston, PhoneNum=212700002}
{Name=Cassie Richmond, Address=344 Downing Rd, City=Boston, PhoneNum=212373159}
{Name=Catherine Clarke, Address=558 Morton Rd, City=Boston, PhoneNum=212553352}
{Name=Cathryn Cunningham, Address=281 Commerce Rd, City=Boston, PhoneNum=212955047}
{Name=Cecil Adkins, Address=170 Morton Rd, City=Boston, PhoneNum=212905516}
{Name=Cecil Santiago, Address=88 Henry Rd, City=Boston, PhoneNum=212905080}
{Name=Cecilia Mathis, Address=303 Commerce Rd, City=Boston, PhoneNum=212736428}
{Name=Cedric Galvan, Address=489 Commerce Rd, City=Boston, PhoneNum=212542247}
{Name=Cedric Holder, Address=559 Leroy Rd, City=Boston, PhoneNum=212467186}
{Name=Celyn Guy, Address=9 Minetta Rd, City=Boston, PhoneNum=212638565}
{Name=Chance Cherry, Address=260 Canal Rd, City=Boston, PhoneNum=212364341}
{Name=Chang Bird, Address=76 Morton Rd, City=Boston, PhoneNum=212530003}
{Name=Charles Dominguez, Address=8 Leroy Rd, City=Boston, PhoneNum=212092724}
{Name=Charley Reese, Address=568 Canal Rd, City=Boston, PhoneNum=212682020}
{Name=Chasity Travis, Address=580 Minetta Rd, City=Boston, PhoneNum=212300531}
{Name=Chelsea Diaz, Address=153 Commerce Rd, City=Boston, PhoneNum=212439668}
{Name=Cheri Lambert, Address=47 Leroy Rd, City=Boston, PhoneNum=212426224}
{Name=Chester Walsh, Address=554 Leroy Rd, City=Boston, PhoneNum=212181171}
{Name=Christi Love, Address=280 Kenmare Rd, City=Boston, PhoneNum=212119698}
{Name=Christi Mahoney, Address=366 Henry Rd, City=Boston, PhoneNum=212258142}
{Name=Christine Bryan, Address=89 Minetta Rd, City=Boston, PhoneNum=212949432}
{Name=Chung Hunt, Address=326 Kenmare Rd, City=Boston, PhoneNum=212116498}
{Name=Claire Davidson, Address=274 Kenmare Rd, City=Boston, PhoneNum=212272313}
{Name=Claire Swanson, Address=166 Minetta Rd, City=Boston, PhoneNum=212550336}
{Name=Clara Choi, Address=589 Henry Rd, City=Boston, PhoneNum=212709489}
{Name=Clark Acosta, Address=422 Morton Rd, City=Boston, PhoneNum=212645718}
{Name=Claudette Terrell, Address=257 Morton Rd, City=Boston, PhoneNum=212906487}
{Name=Claudio Odonnell, Address=451 Canal Rd, City=Boston, PhoneNum=212107162}
{Name=Clay Pugh, Address=578 Minetta Rd, City=Boston, PhoneNum=212189417}
{Name=Clement Brewer, Address=161 Commerce Rd, City=Boston, PhoneNum=212676956}
{Name=Clement Neal, Address=323 Kenmare Rd, City=Boston, PhoneNum=212469916}
{Name=Cleveland Blair, Address=258 Downing Rd, City=Boston, PhoneNum=212495775}
{Name=Clifton Floyd, Address=492 Morton Rd, City=Boston, PhoneNum=212037079}
{Name=Clinton Tyler, Address=177 Henry Rd, City=Boston, PhoneNum=212676477}
{Name=Coleen Bishop, Address=46 Kenmare Rd, City=Boston, PhoneNum=212411429}
{Name=Coleen Murphy, Address=244 Kenmare Rd, City=Boston, PhoneNum=212315831}
{Name=Coleman Patton, Address=300 Minetta Rd, City=Boston, PhoneNum=212096009}
{Name=Colleen Chan, Address=74 Canal Rd, City=Boston, PhoneNum=212706003}
{Name=Colton Allison, Address=271 Commerce Rd, City=Boston, PhoneNum=212771257}
{Name=Concepcion Cruz, Address=468 Leroy Rd, City=Boston, PhoneNum=212622696}
{Name=Concetta Hartman, Address=366 Morton Rd, City=Boston, PhoneNum=212793955}
{Name=Concetta Travis, Address=297 Commerce Rd, City=Boston, PhoneNum=212268725}
{Name=Cornelius Shepherd, Address=23 Morton Rd, City=Boston, PhoneNum=212487499}
{Name=Cornell Giles, Address=530 Minetta Rd, City=Boston, PhoneNum=212458072}
{Name=Cornell Singh, Address=527 Commerce Rd, City=Boston, PhoneNum=212454241}
{Name=Corrine Waller, Address=147 Canal Rd, City=Boston, PhoneNum=212363259}
{Name=Cortez Hester, Address=282 Downing Rd, City=Boston, PhoneNum=212748923}
{Name=Crystal Mcgee, Address=297 Downing Rd, City=Boston, PhoneNum=212215317}
{Name=Cynthia Mccormick, Address=86 Henry Rd, City=Boston, PhoneNum=212006061}
{Name=Cynthia Vasquez, Address=498 Morton Rd, City=Boston, PhoneNum=212404607}
{Name=Cyril Simon, Address=481 Downing Rd, City=Boston, PhoneNum=212271395}
{Name=Daisy Ross, Address=320 Minetta Rd, City=Boston, PhoneNum=212341881}
{Name=Dale Davies, Address=573 Downing Rd, City=Boston, PhoneNum=212205179}
{Name=Dale Massey, Address=85 Kenmare Rd, City=Boston, PhoneNum=212163775}
{Name=Dalton Olsen, Address=89 Canal Rd, City=Boston, PhoneNum=212848099}
{Name=Dalton Reese, Address=24 Morton Rd, City=Boston, PhoneNum=212208792}
{Name=Danilo Olsen, Address=537 Kenmare Rd, City=Boston, PhoneNum=212601132}
{Name=Dannie Dennis, Address=145 Canal Rd, City=Boston, PhoneNum=212382004}
{Name=Daren Davila, Address=34 Commerce Rd, City=Boston, PhoneNum=212036587}
{Name=Darla Robbins, Address=205 Kenmare Rd, City=Boston, PhoneNum=212711315}
{Name=Darrell Stone, Address=304 Minetta Rd, City=Boston, PhoneNum=212518121}
{Name=Deangelo Blackwell, Address=74 Downing Rd, City=Boston, PhoneNum=212080517}
{Name=Deanna Rodgers, Address=236 Leroy Rd, City=Boston, PhoneNum=212403602}
{Name=Deanna Vance, Address=425 Leroy Rd, City=Boston, PhoneNum=212380428}
{Name=Debbie Clay, Address=158 Morton Rd, City=Boston, PhoneNum=212895840}
{Name=Deena Elliott, Address=461 Morton Rd, City=Boston, PhoneNum=212046485}
{Name=Del George, Address=115 Leroy Rd, City=Boston, PhoneNum=212699097}
{Name=Delmer Mckay, Address=127 Leroy Rd, City=Boston, PhoneNum=212046577}
{Name=Demarcus Galvan, Address=125 Leroy Rd, City=Boston, PhoneNum=212408589}
{Name=Demarcus Griffin, Address=534 Henry Rd, City=Boston, PhoneNum=212896025}
{Name=Demarcus Morse, Address=134 Henry Rd, City=Boston, PhoneNum=212050977}
{Name=Demetrius Owen, Address=99 Minetta Rd, City=Boston, PhoneNum=212113455}
{Name=Dena Hood, Address=371 Commerce Rd, City=Boston, PhoneNum=212526788}
{Name=Denise Fletcher, Address=385 Downing Rd, City=Boston, PhoneNum=212298719}
{Name=Dennis Owen, Address=34 Henry Rd, City=Boston, PhoneNum=212763584}
{Name=Deshawn Leblanc, Address=231 Canal Rd, City=Boston, PhoneNum=212650352}
{Name=Desiree Summers, Address=291 Morton Rd, City=Boston, PhoneNum=212500189}
{Name=Desmond Church, Address=374 Kenmare Rd, City=Boston, PhoneNum=212403564}
{Name=Devon Zimmerman, Address=405 Downing Rd, City=Boston, PhoneNum=212716596}
{Name=Dewey Hines, Address=296 Henry Rd, City=Boston, PhoneNum=212577668}
{Name=Diane Joseph, Address=253 Minetta Rd, City=Boston, PhoneNum=212350196}
{Name=Dianna David, Address=371 Downing Rd, City=Boston, PhoneNum=212791185}
{Name=Dino Bright, Address=265 Leroy Rd, City=Boston, PhoneNum=212027241}
{Name=Dino Elliott, Address=33 Henry Rd, City=Boston, PhoneNum=212210775}
{Name=Dirk Costa, Address=414 Kenmare Rd, City=Boston, PhoneNum=212635044}
{Name=Diya Brandt, Address=370 Morton Rd, City=Boston, PhoneNum=212544572}
{Name=Dollie Hudson, Address=323 Leroy Rd, City=Boston, PhoneNum=212251908}
{Name=Dolores Rivera, Address=16 Morton Rd, City=Boston, PhoneNum=212840154}
{Name=Dominic Beck, Address=98 Canal Rd, City=Boston, PhoneNum=212337990}
{Name=Dong Joseph, Address=313 Commerce Rd, City=Boston, PhoneNum=212102345}
{Name=Donnell Huff, Address=306 Canal Rd, City=Boston, PhoneNum=212482489}
{Name=Dorthy Macias, Address=427 Minetta Rd, City=Boston, PhoneNum=212825914}
{Name=Doug Hudson, Address=267 Minetta Rd, City=Boston, PhoneNum=212410992}
{Name=Doug Solomon, Address=117 Leroy Rd, City=Boston, PhoneNum=212411501}
{Name=Douglass Berry, Address=130 Henry Rd, City=Boston, PhoneNum=212379516}
{Name=Doyle Mccullough, Address=355 Minetta Rd, City=Boston, PhoneNum=212020078}
{Name=Doyle Moody, Address=46 Downing Rd, City=Boston, PhoneNum=212789565}
{Name=Drew Cowan, Address=458 Minetta Rd, City=Boston, PhoneNum=212965009}
{Name=Duane Friedman, Address=438 Commerce Rd, City=Boston, PhoneNum=212484473}
{Name=Dusty Mcdonald, Address=25 Morton Rd, City=Boston, PhoneNum=212908758}
{Name=Dylon Morgan, Address=67 Henry Rd, City=Boston, PhoneNum=212410219}
{Name=Earl Goodman, Address=350 Henry Rd, City=Boston, PhoneNum=212314267}
{Name=Earle Steele, Address=361 Morton Rd, City=Boston, PhoneNum=212908459}
{Name=Edna Drake, Address=92 Downing Rd, City=Boston, PhoneNum=212541884}
{Name=Eduardo Pearson, Address=569 Morton Rd, City=Boston, PhoneNum=212496508}
{Name=Edwardo Chang, Address=514 Canal Rd, City=Boston, PhoneNum=212687557}
{Name=Effie Ellis, Address=390 Downing Rd, City=Boston, PhoneNum=212373518}
{Name=Elaine Shepard, Address=173 Leroy Rd, City=Boston, PhoneNum=212699016}
{Name=Elbert Morrison, Address=9 Henry Rd, City=Boston, PhoneNum=212279006}
{Name=Elias Mccarty, Address=426 Canal Rd, City=Boston, PhoneNum=212381886}
{Name=Elisa Wang, Address=353 Morton Rd, City=Boston, PhoneNum=212609278}
{Name=Ellie Gibbs, Address=245 Canal Rd, City=Boston, PhoneNum=212848250}
{Name=Elnora Frank, Address=108 Morton Rd, City=Boston, PhoneNum=212448029}
{Name=Elva Terry, Address=583 Canal Rd, City=Boston, PhoneNum=212237851}
{Name=Elvia Shah, Address=483 Kenmare Rd, City=Boston, PhoneNum=212035690}
{Name=Elvin Dillon, Address=23 Minetta Rd, City=Boston, PhoneNum=212633937}
{Name=Elvira Hensley, Address=115 Henry Rd, City=Boston, PhoneNum=212787319}
{Name=Emery Castro, Address=226 Morton Rd, City=Boston, PhoneNum=212424295}
{Name=Emilio Mcdonald, Address=230 Minetta Rd, City=Boston, PhoneNum=212400282}
{Name=Emily Berg, Address=490 Commerce Rd, City=Boston, PhoneNum=212100362}
{Name=Emily Chan, Address=534 Morton Rd, City=Boston, PhoneNum=212595592}
{Name=Emmanuel Bauer, Address=1 Henry Rd, City=Boston, PhoneNum=212298056}
{Name=Emory Ballard, Address=510 Commerce Rd, City=Boston, PhoneNum=212823771}
{Name=Emory Fisher, Address=549 Minetta Rd, City=Boston, PhoneNum=212067451}
{Name=Erasmo Cardenas, Address=537 Canal Rd, City=Boston, PhoneNum=212918635}
{Name=Erica Morgan, Address=14 Minetta Rd, City=Boston, PhoneNum=212887249}
{Name=Ericka Coffey, Address=44 Downing Rd, City=Boston, PhoneNum=212096484}
{Name=Erik Taylor, Address=382 Morton Rd, City=Boston, PhoneNum=212666975}
{Name=Erik Wang, Address=394 Commerce Rd, City=Boston, PhoneNum=212147205}
{Name=Erma Reilly, Address=590 Minetta Rd, City=Boston, PhoneNum=212404998}
{Name=Erwin Arnold, Address=300 Canal Rd, City=Boston, PhoneNum=212910991}
{Name=Esther Osborne, Address=427 Morton Rd, City=Boston, PhoneNum=212009447}
{Name=Etta Porter, Address=211 Morton Rd, City=Boston, PhoneNum=212267911}
{Name=Eugenio Shaw, Address=181 Henry Rd, City=Boston, PhoneNum=212002816}
{Name=Eva Chavez, Address=71 Kenmare Rd, City=Boston, PhoneNum=212286862}
{Name=Eve Joyce, Address=205 Henry Rd, City=Boston, PhoneNum=212790647}
{Name=Ezekiel Frye, Address=19 Minetta Rd, City=Boston, PhoneNum=212182194}
{Name=Ezra Ross, Address=137 Morton Rd, City=Boston, PhoneNum=212840722}
{Name=Faiza Melton, Address=575 Commerce Rd, City=Boston, PhoneNum=212041658}
{Name=Fanny Sandoval, Address=273 Commerce Rd, City=Boston, PhoneNum=212813932}
{Name=Farhana Crouch, Address=465 Commerce Rd, City=Boston, PhoneNum=212861657}
{Name=Faye Chavez, Address=419 Henry Rd, City=Boston, PhoneNum=212387709}
{Name=Faye Johnston, Address=525 Henry Rd, City=Boston, PhoneNum=212981821}
{Name=Federico Mcmillan, Address=230 Commerce Rd, City=Boston, PhoneNum=212119198}
{Name=Felicia Gordon, Address=313 Downing Rd, City=Boston, PhoneNum=212857087}
{Name=Felix Fischer, Address=251 Minetta Rd, City=Boston, PhoneNum=212547442}
{Name=Fern Lester, Address=124 Leroy Rd, City=Boston, PhoneNum=212309895}
{Name=Fidel Petty, Address=41 Leroy Rd, City=Boston, PhoneNum=212847801}
{Name=Florencio Alvarez, Address=531 Morton Rd, City=Boston, PhoneNum=212387515}
{Name=Flossie Koch, Address=44 Morton Rd, City=Boston, PhoneNum=212681218}
{Name=Floyd Grant, Address=66 Commerce Rd, City=Boston, PhoneNum=212287619}
{Name=Forest Prince, Address=156 Canal Rd, City=Boston, PhoneNum=212993931}
{Name=Foster Mayo, Address=67 Canal Rd, City=Boston, PhoneNum=212682336}
{Name=Frances Stanton, Address=134 Morton Rd, City=Boston, PhoneNum=212931136}
{Name=Francisca Cook, Address=291 Minetta Rd, City=Boston, PhoneNum=212059329}
{Name=Francisca Stone, Address=417 Leroy Rd, City=Boston, PhoneNum=212037883}
{Name=Freda Valdez, Address=369 Commerce Rd, City=Boston, PhoneNum=212803143}
{Name=Freyja Sheehan, Address=40 Morton Rd, City=Boston, PhoneNum=212946665}
{Name=Gabriel Crosby, Address=5 Downing Rd, City=Boston, PhoneNum=212866433}
{Name=Gabriel Ferrell, Address=213 Henry Rd, City=Boston, PhoneNum=212557481}
{Name=Gabriel Vazquez, Address=67 Minetta Rd, City=Boston, PhoneNum=212287803}
{Name=Gabriela Mora, Address=64 Downing Rd, City=Boston, PhoneNum=212799363}
{Name=Garfield Chen, Address=294 Minetta Rd, City=Boston, PhoneNum=212478051}
{Name=Garret Brennan, Address=456 Commerce Rd, City=Boston, PhoneNum=212948027}
{Name=Gaston Mueller, Address=259 Commerce Rd, City=Boston, PhoneNum=212142725}
{Name=Geneva Small, Address=294 Canal Rd, City=Boston, PhoneNum=212787083}
{Name=Geoffrey Estrada, Address=458 Morton Rd, City=Boston, PhoneNum=212943377}
{Name=Geoffrey Taylor, Address=554 Canal Rd, City=Boston, PhoneNum=212559133}
{Name=George Lee, Address=244 Minetta Rd, City=Boston, PhoneNum=212227448}
{Name=Gerald Harrington, Address=169 Canal Rd, City=Boston, PhoneNum=212080209}
{Name=Geraldine Arnold, Address=240 Kenmare Rd, City=Boston, PhoneNum=212923849}
{Name=Geraldine Simon, Address=584 Leroy Rd, City=Boston, PhoneNum=212260040}
{Name=Gerard Schneider, Address=509 Henry Rd, City=Boston, PhoneNum=212792715}
{Name=German Mcneil, Address=95 Morton Rd, City=Boston, PhoneNum=212388680}
{Name=Gerry Schwartz, Address=577 Leroy Rd, City=Boston, PhoneNum=212595384}
{Name=Gertrude Munoz, Address=111 Minetta Rd, City=Boston, PhoneNum=212558065}
{Name=Gilda Conrad, Address=535 Downing Rd, City=Boston, PhoneNum=212815913}
{Name=Gina Faulkner, Address=149 Henry Rd, City=Boston, PhoneNum=212520681}
{Name=Gina Maynard, Address=332 Leroy Rd, City=Boston, PhoneNum=212055386}
{Name=Gino Mendez, Address=350 Morton Rd, City=Boston, PhoneNum=212032830}
{Name=Glen Sampson, Address=375 Morton Rd, City=Boston, PhoneNum=212154293}
{Name=Glenn Lopez, Address=433 Canal Rd, City=Boston, PhoneNum=212162225}
{Name=Gloria George, Address=107 Minetta Rd, City=Boston, PhoneNum=212568277}
{Name=Gonzalo Le, Address=533 Henry Rd, City=Boston, PhoneNum=212402204}
{Name=Grace Farley, Address=414 Henry Rd, City=Boston, PhoneNum=212438360}
{Name=Grace Petty, Address=464 Minetta Rd, City=Boston, PhoneNum=212306994}
{Name=Gracie Atkins, Address=493 Downing Rd, City=Boston, PhoneNum=212570478}
{Name=Graciela Palmer, Address=494 Canal Rd, City=Boston, PhoneNum=212736373}
{Name=Grady Kaufman, Address=367 Kenmare Rd, City=Boston, PhoneNum=212808561}
{Name=Grady Wolfe, Address=261 Morton Rd, City=Boston, PhoneNum=212758375}
{Name=Graig Cabrera, Address=453 Leroy Rd, City=Boston, PhoneNum=212154317}
{Name=Graig Patterson, Address=162 Downing Rd, City=Boston, PhoneNum=212320876}
{Name=Grant Vincent, Address=129 Minetta Rd, City=Boston, PhoneNum=212809353}
{Name=Greta Russell, Address=255 Leroy Rd, City=Boston, PhoneNum=212554526}
{Name=Guadalupe Wu, Address=5 Kenmare Rd, City=Boston, PhoneNum=212732932}
{Name=Guillermo Rollins, Address=569 Commerce Rd, City=Boston, PhoneNum=212112724}
{Name=Hai Stark, Address=238 Leroy Rd, City=Boston, PhoneNum=212215974}
{Name=Hank Davenport, Address=270 Canal Rd, City=Boston, PhoneNum=212667457}
{Name=Hans Galvan, Address=431 Canal Rd, City=Boston, PhoneNum=212329158}
{Name=Hans Goodman, Address=575 Downing Rd, City=Boston, PhoneNum=212382796}
{Name=Hans Mooney, Address=13 Commerce Rd, City=Boston, PhoneNum=212910179}
{Name=Harry Farmer, Address=450 Commerce Rd, City=Boston, PhoneNum=212863025}
{Name=Harry Ramirez, Address=193 Commerce Rd, City=Boston, PhoneNum=212884240}
{Name=Hashir Coates, Address=570 Downing Rd, City=Boston, PhoneNum=212342667}
{Name=Hassan Newton, Address=121 Minetta Rd, City=Boston, PhoneNum=212646899}
{Name=Hassan Suarez, Address=51 Commerce Rd, City=Boston, PhoneNum=212065581}
{Name=Heath Collins, Address=387 Downing Rd, City=Boston, PhoneNum=212861128}
{Name=Heidi Rush, Address=568 Henry Rd, City=Boston, PhoneNum=212074659}
{Name=Helen Hayden, Address=159 Morton Rd, City=Boston, PhoneNum=212237332}
{Name=Heriberto Bird, Address=51 Morton Rd, City=Boston, PhoneNum=212437591}
{Name=Heriberto Nash, Address=21 Downing Rd, City=Boston, PhoneNum=212619347}
{Name=Herschel Gamble, Address=55 Morton Rd, City=Boston, PhoneNum=212806955}
{Name=Hester Graves, Address=442 Kenmare Rd, City=Boston, PhoneNum=212138175}
{Name=Hester Rollins, Address=71 Commerce Rd, City=Boston, PhoneNum=212506688}
{Name=Hilary Hayden, Address=553 Kenmare Rd, City=Boston, PhoneNum=212896009}
{Name=Hillary Holmes, Address=79 Kenmare Rd, City=Boston, PhoneNum=212945921}
{Name=Hollie Guerra, Address=172 Henry Rd, City=Boston, PhoneNum=212969385}
{Name=Hollie Kirk, Address=274 Downing Rd, City=Boston, PhoneNum=212968756}
{Name=Hosea Hogan, Address=232 Commerce Rd, City=Boston, PhoneNum=212035427}
{Name=Houston Ferrell, Address=13 Morton Rd, City=Boston, PhoneNum=212928019}
{Name=Hubert Woods, Address=267 Commerce Rd, City=Boston, PhoneNum=212694619}
{Name=Hugo Andrews, Address=462 Morton Rd, City=Boston, PhoneNum=212392330}
{Name=Hung Alexander, Address=245 Downing Rd, City=Boston, PhoneNum=212573819}
{Name=Hung Cobb, Address=144 Kenmare Rd, City=Boston, PhoneNum=212790248}
{Name=Hunter Diaz, Address=334 Henry Rd, City=Boston, PhoneNum=212460712}
{Name=Ilyas Hutchings, Address=127 Henry Rd, City=Boston, PhoneNum=212320043}
{Name=Ina Orr, Address=146 Morton Rd, City=Boston, PhoneNum=212958588}
{Name=Irma Callahan, Address=387 Henry Rd, City=Boston, PhoneNum=212660524}
{Name=Irma Graham, Address=2 Leroy Rd, City=Boston, PhoneNum=212581835}
{Name=Irvin Fowler, Address=107 Kenmare Rd, City=Boston, PhoneNum=212888138}
{Name=Irvin Robbins, Address=136 Morton Rd, City=Boston, PhoneNum=212714057}
{Name=Irving Fowler, Address=129 Kenmare Rd, City=Boston, PhoneNum=212652121}
{Name=Isaak Potter, Address=594 Leroy Rd, City=Boston, PhoneNum=212106137}
{Name=Ismael Holloway, Address=459 Morton Rd, City=Boston, PhoneNum=212027783}
{Name=Issac Brock, Address=127 Minetta Rd, City=Boston, PhoneNum=212610869}
{Name=Ivory Gill, Address=392 Kenmare Rd, City=Boston, PhoneNum=212955426}
{Name=Jacklyn Ballard, Address=36 Canal Rd, City=Boston, PhoneNum=212835906}
{Name=Jackson Durham, Address=379 Minetta Rd, City=Boston, PhoneNum=212585466}
{Name=Jaclyn Zhang, Address=376 Henry Rd, City=Boston, PhoneNum=212721014}
{Name=Jacob Klein, Address=197 Kenmare Rd, City=Boston, PhoneNum=212729283}
{Name=Jacquelyn Delgado, Address=446 Henry Rd, City=Boston, PhoneNum=212579768}
{Name=Jae Spencer, Address=533 Kenmare Rd, City=Boston, PhoneNum=212579940}
{Name=Jake Lynn, Address=363 Leroy Rd, City=Boston, PhoneNum=212406163}
{Name=Jamal Parrish, Address=226 Canal Rd, City=Boston, PhoneNum=212550943}
{Name=Jamey Carroll, Address=62 Downing Rd, City=Boston, PhoneNum=212056257}
{Name=Jamison Love, Address=63 Canal Rd, City=Boston, PhoneNum=212800439}
{Name=Jan Ross, Address=583 Downing Rd, City=Boston, PhoneNum=212447420}
{Name=Jan Zavala, Address=291 Henry Rd, City=Boston, PhoneNum=212577072}
{Name=Jana Joyce, Address=475 Commerce Rd, City=Boston, PhoneNum=212145289}
{Name=Janell Rowe, Address=175 Downing Rd, City=Boston, PhoneNum=212827869}
{Name=Janelle Schultz, Address=116 Morton Rd, City=Boston, PhoneNum=212091672}
{Name=Janet Brock, Address=121 Kenmare Rd, City=Boston, PhoneNum=212739420}
{Name=Janet Singleton, Address=207 Canal Rd, City=Boston, PhoneNum=212334959}
{Name=Janice Gaines, Address=535 Canal Rd, City=Boston, PhoneNum=212678532}
{Name=Janine Acevedo, Address=268 Leroy Rd, City=Boston, PhoneNum=212270173}
{Name=Janine Ball, Address=525 Downing Rd, City=Boston, PhoneNum=212822490}
{Name=Janna Mccormick, Address=114 Leroy Rd, City=Boston, PhoneNum=212495517}
{Name=Jared Stafford, Address=80 Morton Rd, City=Boston, PhoneNum=212103567}
{Name=Jarod Howe, Address=19 Henry Rd, City=Boston, PhoneNum=212125515}
{Name=Jarrett Glenn, Address=500 Kenmare Rd, City=Boston, PhoneNum=212397451}
{Name=Jay Francis, Address=310 Henry Rd, City=Boston, PhoneNum=212068358}
{Name=Jeanette Heath, Address=364 Leroy Rd, City=Boston, PhoneNum=212453995}
{Name=Jeanine Casey, Address=146 Commerce Rd, City=Boston, PhoneNum=212329887}
{Name=Jeanine Sparks, Address=170 Kenmare Rd, City=Boston, PhoneNum=212208220}
{Name=Jeanne Rocha, Address=360 Minetta Rd, City=Boston, PhoneNum=212569450}
{Name=Jeannette Olsen, Address=295 Canal Rd, City=Boston, PhoneNum=212798341}
{Name=Jeannine Mathews, Address=150 Canal Rd, City=Boston, PhoneNum=212731120}
{Name=Jed Neal, Address=339 Leroy Rd, City=Boston, PhoneNum=212920515}
{Name=Jenifer Sampson, Address=40 Leroy Rd, City=Boston, PhoneNum=212497534}
{Name=Jennie Schmitt, Address=236 Henry Rd, City=Boston, PhoneNum=212472226}
{Name=Jenny Lambert, Address=318 Leroy Rd, City=Boston, PhoneNum=212839634}
{Name=Jeramy Small, Address=400 Leroy Rd, City=Boston, PhoneNum=212301747}
{Name=Jeramy Sparks, Address=26 Morton Rd, City=Boston, PhoneNum=212869381}
{Name=Jeremiah Payne, Address=157 Downing Rd, City=Boston, PhoneNum=212280733}
{Name=Jeremy Sosa, Address=21 Commerce Rd, City=Boston, PhoneNum=212138234}
{Name=Jeri Richards, Address=526 Minetta Rd, City=Boston, PhoneNum=212684992}
{Name=Jerrod Mosley, Address=218 Kenmare Rd, City=Boston, PhoneNum=212845240}
{Name=Jesse Rojas, Address=218 Morton Rd, City=Boston, PhoneNum=212233774}
{Name=Jesus Franklin, Address=94 Downing Rd, City=Boston, PhoneNum=212788444}
{Name=Jewel Forbes, Address=333 Canal Rd, City=Boston, PhoneNum=212849080}
{Name=Jewel Woods, Address=350 Downing Rd, City=Boston, PhoneNum=212908605}
{Name=Jillian Mathis, Address=175 Leroy Rd, City=Boston, PhoneNum=212960526}
{Name=Jillian Sanchez, Address=522 Commerce Rd, City=Boston, PhoneNum=212834303}
{Name=Jo Delacruz, Address=315 Kenmare Rd, City=Boston, PhoneNum=212938808}
{Name=Jo Hurst, Address=70 Commerce Rd, City=Boston, PhoneNum=212856943}
{Name=Joann Sweeney, Address=138 Henry Rd, City=Boston, PhoneNum=212190869}
{Name=Jocelyn Riddle, Address=447 Kenmare Rd, City=Boston, PhoneNum=212006427}
{Name=Jodie Shepard, Address=316 Canal Rd, City=Boston, PhoneNum=212463545}
{Name=Joe Roman, Address=123 Kenmare Rd, City=Boston, PhoneNum=212027772}
{Name=Joey Welch, Address=196 Morton Rd, City=Boston, PhoneNum=212512499}
{Name=Johanna Randall, Address=144 Minetta Rd, City=Boston, PhoneNum=212672207}
{Name=Johanna Watts, Address=346 Henry Rd, City=Boston, PhoneNum=212161817}
{Name=Johnny Nolan, Address=287 Henry Rd, City=Boston, PhoneNum=212689252}
{Name=Jolene Pierce, Address=336 Canal Rd, City=Boston, PhoneNum=212120375}
{Name=Jon Russo, Address=126 Morton Rd, City=Boston, PhoneNum=212087272}
{Name=Joni Thomas, Address=400 Downing Rd, City=Boston, PhoneNum=212147450}
{Name=Jordon Wade, Address=508 Kenmare Rd, City=Boston, PhoneNum=212320723}
{Name=Jose Woodward, Address=353 Leroy Rd, City=Boston, PhoneNum=212695393}
{Name=Josefina Huerta, Address=47 Minetta Rd, City=Boston, PhoneNum=212264319}
{Name=Josephine Chavez, Address=230 Downing Rd, City=Boston, PhoneNum=212796468}
{Name=Joshua Underwood, Address=394 Kenmare Rd, City=Boston, PhoneNum=212106968}
{Name=Josiah Compton, Address=312 Downing Rd, City=Boston, PhoneNum=212955032}
{Name=Josiah Mcgrath, Address=266 Canal Rd, City=Boston, PhoneNum=212128463}
{Name=Jospeh Rivers, Address=537 Leroy Rd, City=Boston, PhoneNum=212044159}
{Name=Joy Hickman, Address=565 Henry Rd, City=Boston, PhoneNum=212487666}
{Name=Juan Krueger, Address=420 Downing Rd, City=Boston, PhoneNum=212697445}
{Name=Judith Carroll, Address=289 Downing Rd, City=Boston, PhoneNum=212685953}
{Name=Judson Woodard, Address=402 Kenmare Rd, City=Boston, PhoneNum=212445613}
{Name=Julia Eaton, Address=238 Minetta Rd, City=Boston, PhoneNum=212980579}
{Name=Julia Nelson, Address=575 Kenmare Rd, City=Boston, PhoneNum=212209389}
{Name=Julian Woods, Address=203 Minetta Rd, City=Boston, PhoneNum=212824181}
{Name=Juliet Rasmussen, Address=488 Kenmare Rd, City=Boston, PhoneNum=212499511}
{Name=Juliette Ayers, Address=260 Morton Rd, City=Boston, PhoneNum=212672147}
{Name=Julio Rice, Address=220 Canal Rd, City=Boston, PhoneNum=212322485}
{Name=Julio Santana, Address=489 Canal Rd, City=Boston, PhoneNum=212652234}
{Name=Julius Shah, Address=436 Kenmare Rd, City=Boston, PhoneNum=212742913}
{Name=Kaidan Henderson, Address=393 Commerce Rd, City=Boston, PhoneNum=212878798}
{Name=Kaitlin Powell, Address=130 Downing Rd, City=Boston, PhoneNum=212132584}
{Name=Karl Cox, Address=156 Morton Rd, City=Boston, PhoneNum=212193352}
{Name=Karyn Gardner, Address=391 Henry Rd, City=Boston, PhoneNum=212948949}
{Name=Kasey Patrick, Address=462 Downing Rd, City=Boston, PhoneNum=212443459}
{Name=Katelyn Wilcox, Address=297 Kenmare Rd, City=Boston, PhoneNum=212300574}
{Name=Katharine Gallagher, Address=36 Henry Rd, City=Boston, PhoneNum=212103751}
{Name=Katheryn English, Address=31 Canal Rd, City=Boston, PhoneNum=212513829}
{Name=Katheryn Griffith, Address=122 Morton Rd, City=Boston, PhoneNum=212282403}
{Name=Kathleen Madden, Address=70 Canal Rd, City=Boston, PhoneNum=212654006}
{Name=Kathleen Mcfarland, Address=545 Commerce Rd, City=Boston, PhoneNum=212293848}
{Name=Katrina Singh, Address=185 Commerce Rd, City=Boston, PhoneNum=212023438}
{Name=Kaye Sanchez, Address=408 Minetta Rd, City=Boston, PhoneNum=212237827}
{Name=Kayla Mccoy, Address=400 Canal Rd, City=Boston, PhoneNum=212501971}
{Name=Keagan Cantu, Address=186 Leroy Rd, City=Boston, PhoneNum=212744583}
{Name=Keisha Shepherd, Address=346 Canal Rd, City=Boston, PhoneNum=212966393}
{Name=Keith Ramirez, Address=47 Commerce Rd, City=Boston, PhoneNum=212887932}
{Name=Kellie West, Address=547 Morton Rd, City=Boston, PhoneNum=212465433}
{Name=Kelly Farley, Address=69 Canal Rd, City=Boston, PhoneNum=212673997}
{Name=Kelvin Coleman, Address=287 Canal Rd, City=Boston, PhoneNum=212578098}
{Name=Ken Caldwell, Address=137 Leroy Rd, City=Boston, PhoneNum=212130281}
{Name=Kendall Carson, Address=220 Henry Rd, City=Boston, PhoneNum=212119162}
{Name=Kendra Woods, Address=403 Downing Rd, City=Boston, PhoneNum=212254106}
{Name=Keneth Barrera, Address=443 Downing Rd, City=Boston, PhoneNum=212233245}
{Name=Keneth Hess, Address=394 Minetta Rd, City=Boston, PhoneNum=212259579}
{Name=Keneth Shepherd, Address=182 Minetta Rd, City=Boston, PhoneNum=212955541}
{Name=Kennith Alexander, Address=92 Commerce Rd, City=Boston, PhoneNum=212984343}
{Name=Kenny Mcguire, Address=512 Henry Rd, City=Boston, PhoneNum=212355303}
{Name=Keri Robbins, Address=29 Minetta Rd, City=Boston, PhoneNum=212569360}
{Name=Kerri Lucero, Address=26 Leroy Rd, City=Boston, PhoneNum=212924995}
{Name=Kevin Patterson, Address=178 Morton Rd, City=Boston, PhoneNum=212587619}
{Name=Khloe Brooks, Address=75 Commerce Rd, City=Boston, PhoneNum=212193926}
{Name=Kie Cuevas, Address=23 Commerce Rd, City=Boston, PhoneNum=212038097}
{Name=Kien Mcgill, Address=378 Canal Rd, City=Boston, PhoneNum=212259257}
{Name=Kim Downs, Address=245 Kenmare Rd, City=Boston, PhoneNum=212727202}
{Name=Kim Riddle, Address=422 Commerce Rd, City=Boston, PhoneNum=212201571}
{Name=Kimberly Carlson, Address=54 Canal Rd, City=Boston, PhoneNum=212079764}
{Name=Kraig Guerra, Address=180 Kenmare Rd, City=Boston, PhoneNum=212519809}
{Name=Kristie Ashley, Address=401 Henry Rd, City=Boston, PhoneNum=212350064}
{Name=Kristie Cummings, Address=556 Henry Rd, City=Boston, PhoneNum=212027660}
{Name=Kristopher Frye, Address=464 Leroy Rd, City=Boston, PhoneNum=212997905}
{Name=Kristy Garza, Address=44 Minetta Rd, City=Boston, PhoneNum=212125602}
{Name=Lakeisha Mcmillan, Address=18 Henry Rd, City=Boston, PhoneNum=212826685}
{Name=Landon Gould, Address=63 Leroy Rd, City=Boston, PhoneNum=212830472}
{Name=Lara Fletcher, Address=521 Kenmare Rd, City=Boston, PhoneNum=212064902}
{Name=Larry Robbins, Address=197 Minetta Rd, City=Boston, PhoneNum=212056195}
{Name=Latisha Nixon, Address=359 Downing Rd, City=Boston, PhoneNum=212460473}
{Name=Latonya Moore, Address=206 Minetta Rd, City=Boston, PhoneNum=212999826}
{Name=Lauri Fitzpatrick, Address=501 Commerce Rd, City=Boston, PhoneNum=212196426}
{Name=Laverne Herrera, Address=182 Morton Rd, City=Boston, PhoneNum=212156135}
{Name=Lazaro Benson, Address=373 Kenmare Rd, City=Boston, PhoneNum=212622656}
{Name=Lea Dominguez, Address=513 Minetta Rd, City=Boston, PhoneNum=212812012}
{Name=Leandro Reed, Address=55 Downing Rd, City=Boston, PhoneNum=212003248}
{Name=Lee Peck, Address=98 Morton Rd, City=Boston, PhoneNum=212003066}
{Name=Leif Haley, Address=244 Leroy Rd, City=Boston, PhoneNum=212718168}
{Name=Leigh Cameron, Address=552 Canal Rd, City=Boston, PhoneNum=212794127}
{Name=Leland Bray, Address=38 Kenmare Rd, City=Boston, PhoneNum=212415437}
{Name=Lemuel Valdez, Address=533 Minetta Rd, City=Boston, PhoneNum=212475875}
{Name=Lenard Logan, Address=31 Leroy Rd, City=Boston, PhoneNum=212156069}
{Name=Lenard Lopez, Address=427 Kenmare Rd, City=Boston, PhoneNum=212670871}
{Name=Lenny Galloway, Address=49 Kenmare Rd, City=Boston, PhoneNum=212276659}
{Name=Lenore Chan, Address=68 Kenmare Rd, City=Boston, PhoneNum=212599661}
{Name=Lessie Bishop, Address=226 Minetta Rd, City=Boston, PhoneNum=212112697}
{Name=Lessie Owen, Address=402 Downing Rd, City=Boston, PhoneNum=212275320}
{Name=Lester Tapia, Address=416 Henry Rd, City=Boston, PhoneNum=212054690}
{Name=Leta Rodriguez, Address=40 Minetta Rd, City=Boston, PhoneNum=212566396}
{Name=Lewis Davila, Address=464 Canal Rd, City=Boston, PhoneNum=212533525}
{Name=Lila Farley, Address=94 Kenmare Rd, City=Boston, PhoneNum=212395346}
{Name=Lila Wise, Address=555 Leroy Rd, City=Boston, PhoneNum=212800292}
{Name=Lilia Hays, Address=395 Leroy Rd, City=Boston, PhoneNum=212151661}
{Name=Liliana Hayes, Address=140 Canal Rd, City=Boston, PhoneNum=212138098}
{Name=Lionel Mclaughlin, Address=514 Minetta Rd, City=Boston, PhoneNum=212857396}
{Name=Lionel Peterson, Address=440 Morton Rd, City=Boston, PhoneNum=212380821}
{Name=Lisa Compton, Address=195 Leroy Rd, City=Boston, PhoneNum=212649858}
{Name=Liz Meadows, Address=369 Downing Rd, City=Boston, PhoneNum=212974335}
{Name=Liz Peters, Address=237 Leroy Rd, City=Boston, PhoneNum=212233740}
{Name=Lolita Dougherty, Address=375 Canal Rd, City=Boston, PhoneNum=212405381}
{Name=Lolita Giles, Address=200 Downing Rd, City=Boston, PhoneNum=212171199}
{Name=Lorenzo Bender, Address=43 Downing Rd, City=Boston, PhoneNum=212492494}
{Name=Loretta Gilmore, Address=16 Canal Rd, City=Boston, PhoneNum=212768882}
{Name=Lorna Lowe, Address=582 Henry Rd, City=Boston, PhoneNum=212749013}
{Name=Lorrie Foley, Address=499 Minetta Rd, City=Boston, PhoneNum=212792992}
{Name=Louella Hansen, Address=460 Kenmare Rd, City=Boston, PhoneNum=212063340}
{Name=Louisa Braun, Address=195 Downing Rd, City=Boston, PhoneNum=212085633}
{Name=Louise Schwartz, Address=490 Canal Rd, City=Boston, PhoneNum=212573341}
{Name=Lourdes Nash, Address=368 Minetta Rd, City=Boston, PhoneNum=212824238}
{Name=Loyd Shepard, Address=280 Morton Rd, City=Boston, PhoneNum=212872965}
{Name=Luann Yu, Address=83 Canal Rd, City=Boston, PhoneNum=212854838}
{Name=Lucas Kelley, Address=73 Minetta Rd, City=Boston, PhoneNum=212634821}
{Name=Lucia Buckley, Address=328 Commerce Rd, City=Boston, PhoneNum=212090531}
{Name=Lucia Chan, Address=471 Commerce Rd, City=Boston, PhoneNum=212426170}
{Name=Lucia Hodge, Address=246 Downing Rd, City=Boston, PhoneNum=212033245}
{Name=Lucien Collins, Address=180 Morton Rd, City=Boston, PhoneNum=212111114}
{Name=Lucile Bell, Address=208 Commerce Rd, City=Boston, PhoneNum=212376050}
{Name=Lucio Ochoa, Address=60 Henry Rd, City=Boston, PhoneNum=212181718}
{Name=Luella Hays, Address=497 Downing Rd, City=Boston, PhoneNum=212444041}
{Name=Lula Melendez, Address=551 Minetta Rd, City=Boston, PhoneNum=212131559}
{Name=Luz Bruce, Address=380 Downing Rd, City=Boston, PhoneNum=212250358}
{Name=Lyndon Hines, Address=13 Leroy Rd, City=Boston, PhoneNum=212780601}
{Name=Lyndon Hughes, Address=48 Minetta Rd, City=Boston, PhoneNum=212461290}
{Name=Lynwood Mckay, Address=220 Minetta Rd, City=Boston, PhoneNum=212761342}
{Name=Mabel Simpson, Address=235 Commerce Rd, City=Boston, PhoneNum=212932151}
{Name=Madelyn Hensley, Address=287 Downing Rd, City=Boston, PhoneNum=212232647}
{Name=Mae Horne, Address=457 Kenmare Rd, City=Boston, PhoneNum=212915797}
{Name=Magdalena Mcdowell, Address=153 Canal Rd, City=Boston, PhoneNum=212717406}
{Name=Malaika Nava, Address=391 Commerce Rd, City=Boston, PhoneNum=212284218}
{Name=Mallory Bartlett, Address=55 Canal Rd, City=Boston, PhoneNum=212373525}
{Name=Mamie Berg, Address=112 Kenmare Rd, City=Boston, PhoneNum=212553203}
{Name=Mamie Johns, Address=557 Downing Rd, City=Boston, PhoneNum=212185247}
{Name=Man Mccarthy, Address=371 Canal Rd, City=Boston, PhoneNum=212349801}
{Name=Marcella Lutz, Address=516 Commerce Rd, City=Boston, PhoneNum=212998182}
{Name=Marcos Hayden, Address=163 Minetta Rd, City=Boston, PhoneNum=212285305}
{Name=Margaret Atkinson, Address=321 Downing Rd, City=Boston, PhoneNum=212311733}
{Name=Margaret Gibson, Address=324 Kenmare Rd, City=Boston, PhoneNum=212899874}
{Name=Margarita Everett, Address=412 Minetta Rd, City=Boston, PhoneNum=212343086}
{Name=Margarita Klein, Address=534 Canal Rd, City=Boston, PhoneNum=212436317}
{Name=Margery Murphy, Address=444 Morton Rd, City=Boston, PhoneNum=212321476}
{Name=Mari Hernandez, Address=591 Canal Rd, City=Boston, PhoneNum=212111974}
{Name=Mari Mayo, Address=129 Henry Rd, City=Boston, PhoneNum=212716899}
{Name=Mari Schmidt, Address=61 Canal Rd, City=Boston, PhoneNum=212837015}
{Name=Maria Devlin, Address=221 Leroy Rd, City=Boston, PhoneNum=212390930}
{Name=Mariana Owens, Address=56 Commerce Rd, City=Boston, PhoneNum=212987936}
{Name=Marie Huffman, Address=137 Minetta Rd, City=Boston, PhoneNum=212480513}
{Name=Marietta Foley, Address=227 Downing Rd, City=Boston, PhoneNum=212605071}
{Name=Marina Cantu, Address=247 Henry Rd, City=Boston, PhoneNum=212028462}
{Name=Marion Carter, Address=574 Kenmare Rd, City=Boston, PhoneNum=212896469}
{Name=Marisa Carey, Address=80 Commerce Rd, City=Boston, PhoneNum=212934120}
{Name=Marissa Snow, Address=600 Commerce Rd, City=Boston, PhoneNum=212219275}
{Name=Maritza Singh, Address=268 Minetta Rd, City=Boston, PhoneNum=212090465}
{Name=Marla Mueller, Address=204 Canal Rd, City=Boston, PhoneNum=212527557}
{Name=Marla Myers, Address=258 Commerce Rd, City=Boston, PhoneNum=212975650}
{Name=Marlin Holloway, Address=288 Kenmare Rd, City=Boston, PhoneNum=212154092}
{Name=Marlon Harris, Address=113 Downing Rd, City=Boston, PhoneNum=212858558}
{Name=Marquis Meadows, Address=33 Kenmare Rd, City=Boston, PhoneNum=212301318}
{Name=Marquis Pierce, Address=50 Kenmare Rd, City=Boston, PhoneNum=212710046}
{Name=Marty Moon, Address=525 Leroy Rd, City=Boston, PhoneNum=212095181}
{Name=Maryann Preston, Address=62 Kenmare Rd, City=Boston, PhoneNum=212028123}
{Name=Maryanne Frey, Address=293 Downing Rd, City=Boston, PhoneNum=212378452}
{Name=Maryellen Ochoa, Address=55 Commerce Rd, City=Boston, PhoneNum=212495411}
{Name=Marylou Ayala, Address=327 Morton Rd, City=Boston, PhoneNum=212277944}
{Name=Mathew Rivers, Address=317 Leroy Rd, City=Boston, PhoneNum=212402992}
{Name=Matt Huber, Address=198 Kenmare Rd, City=Boston, PhoneNum=212693779}
{Name=Matthew Dillon, Address=210 Leroy Rd, City=Boston, PhoneNum=212919109}
{Name=Maude Valenzuela, Address=496 Minetta Rd, City=Boston, PhoneNum=212981574}
{Name=Maurice Strickland, Address=100 Downing Rd, City=Boston, PhoneNum=212637575}
{Name=Maxwell Rubio, Address=424 Henry Rd, City=Boston, PhoneNum=212782627}
{Name=Mckinley Huerta, Address=600 Minetta Rd, City=Boston, PhoneNum=212362320}
{Name=Melinda Schultz, Address=33 Downing Rd, City=Boston, PhoneNum=212554897}
{Name=Melissa Austin, Address=61 Kenmare Rd, City=Boston, PhoneNum=212646791}
{Name=Melody Ballard, Address=413 Canal Rd, City=Boston, PhoneNum=212017203}
{Name=Melody Carroll, Address=14 Henry Rd, City=Boston, PhoneNum=212868171}
{Name=Melva May, Address=229 Minetta Rd, City=Boston, PhoneNum=212172836}
{Name=Melva Pennington, Address=441 Minetta Rd, City=Boston, PhoneNum=212260239}
{Name=Melva Yu, Address=472 Morton Rd, City=Boston, PhoneNum=212115348}
{Name=Meredith Osborne, Address=246 Canal Rd, City=Boston, PhoneNum=212746437}
{Name=Michale Sloan, Address=508 Canal Rd, City=Boston, PhoneNum=212054516}
{Name=Micheal Oneal, Address=492 Leroy Rd, City=Boston, PhoneNum=212971452}
{Name=Michelle Howell, Address=381 Commerce Rd, City=Boston, PhoneNum=212137505}
{Name=Mickey Whitney, Address=61 Henry Rd, City=Boston, PhoneNum=212846691}
{Name=Mika Hoffman, Address=236 Morton Rd, City=Boston, PhoneNum=212362071}
{Name=Mikel Moreno, Address=298 Commerce Rd, City=Boston, PhoneNum=212727646}
{Name=Miles Benson, Address=504 Minetta Rd, City=Boston, PhoneNum=212010649}
{Name=Milford Mathews, Address=352 Morton Rd, City=Boston, PhoneNum=212221676}
{Name=Milford Rosales, Address=292 Kenmare Rd, City=Boston, PhoneNum=212083676}
{Name=Millard Ashley, Address=357 Commerce Rd, City=Boston, PhoneNum=212724319}
{Name=Miquel Douglas, Address=62 Henry Rd, City=Boston, PhoneNum=212869891}
{Name=Miquel Fowler, Address=591 Kenmare Rd, City=Boston, PhoneNum=212465239}
{Name=Miriam Ferguson, Address=495 Henry Rd, City=Boston, PhoneNum=212120348}
{Name=Miriam Wheeler, Address=39 Henry Rd, City=Boston, PhoneNum=212894690}
{Name=Mitzi Salas, Address=203 Kenmare Rd, City=Boston, PhoneNum=212926107}
{Name=Mona Cruz, Address=24 Canal Rd, City=Boston, PhoneNum=212927349}
{Name=Mona Hayes, Address=578 Leroy Rd, City=Boston, PhoneNum=212118800}
{Name=Monroe Pineda, Address=203 Henry Rd, City=Boston, PhoneNum=212091868}
{Name=Monte Curtis, Address=482 Kenmare Rd, City=Boston, PhoneNum=212389789}
{Name=Monty Mckee, Address=440 Minetta Rd, City=Boston, PhoneNum=212487259}
{Name=Muriel Mullins, Address=383 Commerce Rd, City=Boston, PhoneNum=212263892}
{Name=Murray Wang, Address=516 Minetta Rd, City=Boston, PhoneNum=212148116}
{Name=Muskaan Butt, Address=12 Minetta Rd, City=Boston, PhoneNum=212154259}
{Name=Naima Snow, Address=173 Downing Rd, City=Boston, PhoneNum=212320326}
{Name=Nannie Hansen, Address=37 Commerce Rd, City=Boston, PhoneNum=212849956}
{Name=Natalie Savage, Address=542 Leroy Rd, City=Boston, PhoneNum=212805001}
{Name=Natalie Simon, Address=36 Downing Rd, City=Boston, PhoneNum=212720060}
{Name=Nathanial Andrade, Address=432 Kenmare Rd, City=Boston, PhoneNum=212084157}
{Name=Neal Baxter, Address=39 Downing Rd, City=Boston, PhoneNum=212710898}
{Name=Neal Pruitt, Address=43 Commerce Rd, City=Boston, PhoneNum=212056540}
{Name=Neil Salinas, Address=159 Kenmare Rd, City=Boston, PhoneNum=212506453}
{Name=Newton Morse, Address=13 Kenmare Rd, City=Boston, PhoneNum=212561843}
{Name=Nicole Melton, Address=252 Canal Rd, City=Boston, PhoneNum=212405478}
{Name=Nigel Chaney, Address=111 Downing Rd, City=Boston, PhoneNum=212583853}
{Name=Nikhil Lindsay, Address=235 Kenmare Rd, City=Boston, PhoneNum=212839198}
{Name=Nita Sutton, Address=590 Downing Rd, City=Boston, PhoneNum=212205260}
{Name=Noelle Gibson, Address=172 Morton Rd, City=Boston, PhoneNum=212127325}
{Name=Noemi Kane, Address=594 Canal Rd, City=Boston, PhoneNum=212765921}
{Name=Nola Mccall, Address=34 Minetta Rd, City=Boston, PhoneNum=212605630}
{Name=Nona Serrano, Address=478 Minetta Rd, City=Boston, PhoneNum=212491705}
{Name=Nora Lambert, Address=49 Commerce Rd, City=Boston, PhoneNum=212542855}
{Name=Nora Leach, Address=156 Kenmare Rd, City=Boston, PhoneNum=212437606}
{Name=Norbert Archer, Address=312 Leroy Rd, City=Boston, PhoneNum=212472248}
{Name=Norberto Cobb, Address=440 Leroy Rd, City=Boston, PhoneNum=212804518}
{Name=Norberto Nunez, Address=152 Downing Rd, City=Boston, PhoneNum=212103495}
{Name=Odessa Porter, Address=403 Henry Rd, City=Boston, PhoneNum=212156615}
{Name=Olen Lloyd, Address=84 Downing Rd, City=Boston, PhoneNum=212617435}
{Name=Olive Morse, Address=164 Commerce Rd, City=Boston, PhoneNum=212205442}
{Name=Opal Hooper, Address=410 Leroy Rd, City=Boston, PhoneNum=212799217}
{Name=Ophelia Bruce, Address=21 Leroy Rd, City=Boston, PhoneNum=212875446}
{Name=Oren Burns, Address=14 Morton Rd, City=Boston, PhoneNum=212791251}
{Name=Osvaldo Griffin, Address=329 Morton Rd, City=Boston, PhoneNum=212985115}
{Name=Osvaldo Horton, Address=68 Leroy Rd, City=Boston, PhoneNum=212866496}
{Name=Owen Charles, Address=343 Downing Rd, City=Boston, PhoneNum=212685506}
{Name=Pablo Hatfield, Address=580 Canal Rd, City=Boston, PhoneNum=212913739}
{Name=Paige Collier, Address=123 Leroy Rd, City=Boston, PhoneNum=212084364}
{Name=Palmer Mcguire, Address=146 Canal Rd, City=Boston, PhoneNum=212435974}
{Name=Pam Hamilton, Address=411 Morton Rd, City=Boston, PhoneNum=212513418}
{Name=Pamela Hall, Address=179 Leroy Rd, City=Boston, PhoneNum=212776870}
{Name=Parker Barber, Address=149 Morton Rd, City=Boston, PhoneNum=212052514}
{Name=Patrice Bonilla, Address=172 Canal Rd, City=Boston, PhoneNum=212311389}
{Name=Patti Ho, Address=275 Downing Rd, City=Boston, PhoneNum=212684740}
{Name=Paul Parker, Address=310 Downing Rd, City=Boston, PhoneNum=212864101}
{Name=Pearlie Gonzales, Address=356 Kenmare Rd, City=Boston, PhoneNum=212438626}
{Name=Peter Armstrong, Address=600 Henry Rd, City=Boston, PhoneNum=212026581}
{Name=Peter Lowe, Address=123 Downing Rd, City=Boston, PhoneNum=212065002}
{Name=Phillip Wade, Address=1 Kenmare Rd, City=Boston, PhoneNum=212605293}
{Name=Phoebe Griffin, Address=599 Morton Rd, City=Boston, PhoneNum=212226779}
{Name=Phyllis Guerrero, Address=323 Henry Rd, City=Boston, PhoneNum=212572569}
{Name=Porfirio Mckenzie, Address=194 Leroy Rd, City=Boston, PhoneNum=212232172}
{Name=Porter Mcgrath, Address=572 Commerce Rd, City=Boston, PhoneNum=212593346}
{Name=Preston Saunders, Address=319 Downing Rd, City=Boston, PhoneNum=212654611}
{Name=Priscilla Bauer, Address=25 Leroy Rd, City=Boston, PhoneNum=212623630}
{Name=Ramiro Martinez, Address=108 Kenmare Rd, City=Boston, PhoneNum=212102761}
{Name=Ramona Hodges, Address=35 Morton Rd, City=Boston, PhoneNum=212135969}
{Name=Raphael Frye, Address=278 Minetta Rd, City=Boston, PhoneNum=212709045}
{Name=Raquel Floyd, Address=438 Leroy Rd, City=Boston, PhoneNum=212668057}
{Name=Rashad Jennings, Address=255 Downing Rd, City=Boston, PhoneNum=212052898}
{Name=Raul Allison, Address=179 Canal Rd, City=Boston, PhoneNum=212530374}
{Name=Raul Barry, Address=127 Commerce Rd, City=Boston, PhoneNum=212720716}
{Name=Ray Ruiz, Address=544 Commerce Rd, City=Boston, PhoneNum=212555359}
{Name=Rayford Spears, Address=214 Downing Rd, City=Boston, PhoneNum=212036973}
{Name=Raymond Barron, Address=308 Henry Rd, City=Boston, PhoneNum=212153710}
{Name=Raymond Casey, Address=561 Canal Rd, City=Boston, PhoneNum=212860222}
{Name=Raymond Ferguson, Address=49 Morton Rd, City=Boston, PhoneNum=212280180}
{Name=Raymond Hester, Address=350 Canal Rd, City=Boston, PhoneNum=212651463}
{Name=Rebecca Acosta, Address=56 Kenmare Rd, City=Boston, PhoneNum=212957448}
{Name=Regina Pollard, Address=389 Kenmare Rd, City=Boston, PhoneNum=212845440}
{Name=Reid Bentley, Address=339 Commerce Rd, City=Boston, PhoneNum=212452279}
{Name=Reid Reyes, Address=443 Leroy Rd, City=Boston, PhoneNum=212136194}
{Name=Rena Gilbert, Address=207 Henry Rd, City=Boston, PhoneNum=212769900}
{Name=Renaldo Dudley, Address=599 Commerce Rd, City=Boston, PhoneNum=212515146}
{Name=Renaldo Garner, Address=256 Leroy Rd, City=Boston, PhoneNum=212648942}
{Name=Renee Alvarez, Address=452 Kenmare Rd, City=Boston, PhoneNum=212031482}
{Name=Reuben Barber, Address=338 Leroy Rd, City=Boston, PhoneNum=212077130}
{Name=Reuben Lewis, Address=213 Leroy Rd, City=Boston, PhoneNum=212455233}
{Name=Rhoda Bernard, Address=287 Morton Rd, City=Boston, PhoneNum=212429312}
{Name=Richard Gaines, Address=495 Morton Rd, City=Boston, PhoneNum=212912300}
{Name=Rick Chen, Address=591 Downing Rd, City=Boston, PhoneNum=212956929}
{Name=Rick Patel, Address=76 Downing Rd, City=Boston, PhoneNum=212423676}
{Name=Rickey English, Address=338 Kenmare Rd, City=Boston, PhoneNum=212539951}
{Name=Ricky Luna, Address=558 Minetta Rd, City=Boston, PhoneNum=212037655}
{Name=Rigoberto Meyers, Address=222 Morton Rd, City=Boston, PhoneNum=212466608}
{Name=Rimsha Milne, Address=251 Downing Rd, City=Boston, PhoneNum=212379583}
{Name=Robby Hensley, Address=589 Leroy Rd, City=Boston, PhoneNum=212053710}
{Name=Robby Rodgers, Address=353 Kenmare Rd, City=Boston, PhoneNum=212484036}
{Name=Robert Patton, Address=102 Minetta Rd, City=Boston, PhoneNum=212492152}
{Name=Robin Cross, Address=479 Canal Rd, City=Boston, PhoneNum=212380415}
{Name=Rodrick Bradley, Address=179 Minetta Rd, City=Boston, PhoneNum=212393686}
{Name=Roland Pena, Address=359 Kenmare Rd, City=Boston, PhoneNum=212573821}
{Name=Rolando Bowen, Address=487 Commerce Rd, City=Boston, PhoneNum=212182259}
{Name=Romeo Rosario, Address=85 Canal Rd, City=Boston, PhoneNum=212431697}
{Name=Ron Diaz, Address=165 Leroy Rd, City=Boston, PhoneNum=212114379}
{Name=Ron Key, Address=259 Kenmare Rd, City=Boston, PhoneNum=212488561}
{Name=Ronda Lara, Address=190 Canal Rd, City=Boston, PhoneNum=212013504}
{Name=Rosalie Henderson, Address=133 Downing Rd, City=Boston, PhoneNum=212830086}
{Name=Rosalind Townsend, Address=28 Downing Rd, City=Boston, PhoneNum=212743017}
{Name=Rosalyn Ford, Address=537 Minetta Rd, City=Boston, PhoneNum=212001624}
{Name=Rosario Rhodes, Address=96 Morton Rd, City=Boston, PhoneNum=212579440}
{Name=Rosemarie Sawyer, Address=596 Kenmare Rd, City=Boston, PhoneNum=212845934}
{Name=Rosemary Alvarado, Address=320 Leroy Rd, City=Boston, PhoneNum=212077405}
{Name=Roxanne Ramirez, Address=309 Minetta Rd, City=Boston, PhoneNum=212192355}
{Name=Ruben Orozco, Address=286 Kenmare Rd, City=Boston, PhoneNum=212203232}
{Name=Rueben Reese, Address=375 Kenmare Rd, City=Boston, PhoneNum=212188833}
{Name=Russell Humphries, Address=304 Downing Rd, City=Boston, PhoneNum=212717954}
{Name=Ruth Chang, Address=253 Kenmare Rd, City=Boston, PhoneNum=212209344}
{Name=Ruthie Manning, Address=350 Leroy Rd, City=Boston, PhoneNum=212503323}
{Name=Saara Osborn, Address=125 Commerce Rd, City=Boston, PhoneNum=212870423}
{Name=Sam Hutchinson, Address=29 Kenmare Rd, City=Boston, PhoneNum=212553838}
{Name=Samantha Dean, Address=300 Downing Rd, City=Boston, PhoneNum=212900123}
{Name=Samual Hopkins, Address=330 Downing Rd, City=Boston, PhoneNum=212671402}
{Name=Sandra Parrish, Address=504 Kenmare Rd, City=Boston, PhoneNum=212633819}
{Name=Sang Cantrell, Address=136 Leroy Rd, City=Boston, PhoneNum=212570655}
{Name=Santiago Carpenter, Address=428 Minetta Rd, City=Boston, PhoneNum=212034163}
{Name=Saul Ibarra, Address=195 Morton Rd, City=Boston, PhoneNum=212665536}
{Name=Savannah Gutierrez, Address=580 Downing Rd, City=Boston, PhoneNum=212020709}
{Name=Savannah Huerta, Address=1 Leroy Rd, City=Boston, PhoneNum=212359750}
{Name=Sayed Swan, Address=78 Leroy Rd, City=Boston, PhoneNum=212887893}
{Name=Scot Everett, Address=51 Minetta Rd, City=Boston, PhoneNum=212644805}
{Name=Scot Larson, Address=293 Morton Rd, City=Boston, PhoneNum=212420561}
{Name=Seb Kaiser, Address=510 Canal Rd, City=Boston, PhoneNum=212425155}
{Name=Selma Boone, Address=153 Minetta Rd, City=Boston, PhoneNum=212209155}
{Name=Selma Stanley, Address=226 Henry Rd, City=Boston, PhoneNum=212086254}
{Name=Serena Harvey, Address=31 Downing Rd, City=Boston, PhoneNum=212248796}
{Name=Seth Huang, Address=132 Commerce Rd, City=Boston, PhoneNum=212373212}
{Name=Seymour Molina, Address=451 Morton Rd, City=Boston, PhoneNum=212792973}
{Name=Shad Hoover, Address=351 Minetta Rd, City=Boston, PhoneNum=212659857}
{Name=Sharna Key, Address=530 Leroy Rd, City=Boston, PhoneNum=212783278}
{Name=Shaun Draper, Address=119 Minetta Rd, City=Boston, PhoneNum=212683469}
{Name=Shaun Massey, Address=206 Morton Rd, City=Boston, PhoneNum=212034519}
{Name=Shawna Mercado, Address=560 Minetta Rd, City=Boston, PhoneNum=212449456}
{Name=Shayla Houston, Address=482 Minetta Rd, City=Boston, PhoneNum=212260967}
{Name=Shayne Contreras, Address=489 Kenmare Rd, City=Boston, PhoneNum=212526940}
{Name=Shayne Tate, Address=304 Kenmare Rd, City=Boston, PhoneNum=212897063}
{Name=Sheena Foster, Address=107 Leroy Rd, City=Boston, PhoneNum=212574535}
{Name=Shelby Gross, Address=10 Canal Rd, City=Boston, PhoneNum=212250687}
{Name=Shelby Hampton, Address=386 Henry Rd, City=Boston, PhoneNum=212736416}
{Name=Sheldon Herring, Address=355 Downing Rd, City=Boston, PhoneNum=212816236}
{Name=Shelly Dudley, Address=68 Minetta Rd, City=Boston, PhoneNum=212690191}
{Name=Sheree Gonzalez, Address=239 Minetta Rd, City=Boston, PhoneNum=212724302}
{Name=Sherrie Byrd, Address=381 Minetta Rd, City=Boston, PhoneNum=212308659}
{Name=Shirley Ross, Address=23 Kenmare Rd, City=Boston, PhoneNum=212772652}
{Name=Shon Bauer, Address=189 Downing Rd, City=Boston, PhoneNum=212563024}
{Name=Simone Montes, Address=596 Minetta Rd, City=Boston, PhoneNum=212502284}
{Name=Solomon Tyler, Address=310 Leroy Rd, City=Boston, PhoneNum=212394815}
{Name=Sondra Gutierrez, Address=183 Minetta Rd, City=Boston, PhoneNum=212492046}
{Name=Sonia Lindsey, Address=152 Canal Rd, City=Boston, PhoneNum=212316245}
{Name=Sonnie York, Address=422 Leroy Rd, City=Boston, PhoneNum=212836731}
{Name=Stan Graves, Address=525 Commerce Rd, City=Boston, PhoneNum=212122241}
{Name=Stefanie Rasmussen, Address=546 Minetta Rd, City=Boston, PhoneNum=212296913}
{Name=Stephanie Gallagher, Address=33 Canal Rd, City=Boston, PhoneNum=212447833}
{Name=Stephen Davis, Address=405 Commerce Rd, City=Boston, PhoneNum=212193426}
{Name=Stevie Becker, Address=142 Morton Rd, City=Boston, PhoneNum=212537662}
{Name=Summer Hinton, Address=429 Commerce Rd, City=Boston, PhoneNum=212708368}
{Name=Sung Fox, Address=562 Downing Rd, City=Boston, PhoneNum=212076985}
{Name=Susanna Huynh, Address=584 Morton Rd, City=Boston, PhoneNum=212566108}
{Name=Susanne Caldwell, Address=178 Canal Rd, City=Boston, PhoneNum=212938689}
{Name=Suzanna Sadler, Address=41 Commerce Rd, City=Boston, PhoneNum=212641004}
{Name=Suzanne Lopez, Address=557 Canal Rd, City=Boston, PhoneNum=212410006}
{Name=Suzette Suarez, Address=401 Minetta Rd, City=Boston, PhoneNum=212952481}
{Name=Sybil Roberson, Address=373 Downing Rd, City=Boston, PhoneNum=212102629}
{Name=Tabitha Sloan, Address=522 Leroy Rd, City=Boston, PhoneNum=212872655}
{Name=Tameka Oneal, Address=14 Canal Rd, City=Boston, PhoneNum=212331076}
{Name=Tamera Buckley, Address=205 Minetta Rd, City=Boston, PhoneNum=212017695}
{Name=Tami Pittman, Address=222 Minetta Rd, City=Boston, PhoneNum=212456338}
{Name=Tamika Stanley, Address=57 Canal Rd, City=Boston, PhoneNum=212501828}
{Name=Tammie Rush, Address=311 Kenmare Rd, City=Boston, PhoneNum=212576235}
{Name=Tammie Shaw, Address=490 Downing Rd, City=Boston, PhoneNum=212590500}
{Name=Tania Beasley, Address=429 Leroy Rd, City=Boston, PhoneNum=212913084}
{Name=Tanya Jordan, Address=211 Canal Rd, City=Boston, PhoneNum=212775460}
{Name=Terence Huff, Address=107 Morton Rd, City=Boston, PhoneNum=212031971}
{Name=Terence Silva, Address=274 Morton Rd, City=Boston, PhoneNum=212174078}
{Name=Terra Goodman, Address=59 Kenmare Rd, City=Boston, PhoneNum=212351177}
{Name=Terrence Clark, Address=591 Henry Rd, City=Boston, PhoneNum=212274873}
{Name=Terrence Stephenson, Address=53 Downing Rd, City=Boston, PhoneNum=212385015}
{Name=Terri Brennan, Address=46 Commerce Rd, City=Boston, PhoneNum=212412036}
{Name=Terri Williams, Address=282 Morton Rd, City=Boston, PhoneNum=212551600}
{Name=Tessa Lin, Address=317 Morton Rd, City=Boston, PhoneNum=212776259}
{Name=Tessa Valencia, Address=88 Downing Rd, City=Boston, PhoneNum=212576778}
{Name=Thad Dunlap, Address=53 Minetta Rd, City=Boston, PhoneNum=212794264}
{Name=Thad Keller, Address=28 Minetta Rd, City=Boston, PhoneNum=212679941}
{Name=Thelma Brooks, Address=93 Downing Rd, City=Boston, PhoneNum=212467739}
{Name=Tim Kramer, Address=585 Kenmare Rd, City=Boston, PhoneNum=212462753}
{Name=Tim Stokes, Address=15 Minetta Rd, City=Boston, PhoneNum=212074014}
{Name=Tina Small, Address=130 Kenmare Rd, City=Boston, PhoneNum=212478151}
{Name=Tisha Coffey, Address=435 Commerce Rd, City=Boston, PhoneNum=212707558}
{Name=Tisha Lyons, Address=337 Commerce Rd, City=Boston, PhoneNum=212621608}
{Name=Titus Avery, Address=516 Morton Rd, City=Boston, PhoneNum=212721769}
{Name=Toby Potter, Address=314 Downing Rd, City=Boston, PhoneNum=212041764}
{Name=Toby Stewart, Address=340 Morton Rd, City=Boston, PhoneNum=212238355}
{Name=Tod Long, Address=552 Kenmare Rd, City=Boston, PhoneNum=212568408}
{Name=Todd Howard, Address=520 Kenmare Rd, City=Boston, PhoneNum=212262670}
{Name=Tom Rocha, Address=352 Minetta Rd, City=Boston, PhoneNum=212947038}
{Name=Tomas Cook, Address=142 Henry Rd, City=Boston, PhoneNum=212461186}
{Name=Tomas Lozano, Address=37 Leroy Rd, City=Boston, PhoneNum=212450036}
{Name=Tonia Vega, Address=43 Kenmare Rd, City=Boston, PhoneNum=212083195}
{Name=Tonicha Gale, Address=196 Minetta Rd, City=Boston, PhoneNum=212451416}
{Name=Tory Gallegos, Address=315 Minetta Rd, City=Boston, PhoneNum=212779901}
{Name=Tracey Jefferson, Address=190 Leroy Rd, City=Boston, PhoneNum=212180076}
{Name=Tracey Weiss, Address=78 Canal Rd, City=Boston, PhoneNum=212444124}
{Name=Tracie Ho, Address=14 Commerce Rd, City=Boston, PhoneNum=212795780}
{Name=Travis Conrad, Address=249 Kenmare Rd, City=Boston, PhoneNum=212884993}
{Name=Trent Yu, Address=175 Henry Rd, City=Boston, PhoneNum=212657162}
{Name=Trenton Andrade, Address=437 Canal Rd, City=Boston, PhoneNum=212779299}
{Name=Trenton Gonzalez, Address=79 Commerce Rd, City=Boston, PhoneNum=212040376}
{Name=Trina Gilmore, Address=76 Canal Rd, City=Boston, PhoneNum=212497966}
{Name=Tristan Campos, Address=539 Morton Rd, City=Boston, PhoneNum=212027851}
{Name=Troy Arellano, Address=159 Leroy Rd, City=Boston, PhoneNum=212658582}
{Name=Truman Sheppard, Address=289 Morton Rd, City=Boston, PhoneNum=212395591}
{Name=Val Moreno, Address=264 Minetta Rd, City=Boston, PhoneNum=212049196}
{Name=Valentin Beasley, Address=597 Kenmare Rd, City=Boston, PhoneNum=212163186}
{Name=Valentine Ramos, Address=33 Commerce Rd, City=Boston, PhoneNum=212810873}
{Name=Valerie Fletcher, Address=418 Henry Rd, City=Boston, PhoneNum=212953310}
{Name=Vance Wagner, Address=431 Henry Rd, City=Boston, PhoneNum=212918730}
{Name=Vanessa James, Address=446 Canal Rd, City=Boston, PhoneNum=212593439}
{Name=Vaughn Meyer, Address=129 Leroy Rd, City=Boston, PhoneNum=212934128}
{Name=Vaughn Phillips, Address=200 Henry Rd, City=Boston, PhoneNum=212620000}
{Name=Vaughn Torres, Address=188 Commerce Rd, City=Boston, PhoneNum=212370522}
{Name=Vince Madden, Address=145 Downing Rd, City=Boston, PhoneNum=212625266}
{Name=Vince Potts, Address=332 Downing Rd, City=Boston, PhoneNum=212154598}
{Name=Vincent Casey, Address=128 Kenmare Rd, City=Boston, PhoneNum=212185098}
{Name=Vincenzo Booker, Address=29 Henry Rd, City=Boston, PhoneNum=212636207}
{Name=Virginia Adams, Address=551 Kenmare Rd, City=Boston, PhoneNum=212005842}
{Name=Vivian Wells, Address=150 Kenmare Rd, City=Boston, PhoneNum=212171003}
{Name=Von Hebert, Address=412 Downing Rd, City=Boston, PhoneNum=212676046}
{Name=Waldo Murray, Address=84 Kenmare Rd, City=Boston, PhoneNum=212824198}
{Name=Walton Chase, Address=310 Kenmare Rd, City=Boston, PhoneNum=212010452}
{Name=Walton Velazquez, Address=100 Leroy Rd, City=Boston, PhoneNum=212294258}
{Name=Warner Sandoval, Address=54 Minetta Rd, City=Boston, PhoneNum=212931299}
{Name=Weldon Conner, Address=52 Morton Rd, City=Boston, PhoneNum=212663809}
{Name=Wendell Rivas, Address=343 Canal Rd, City=Boston, PhoneNum=212558876}
{Name=Wilber Li, Address=278 Morton Rd, City=Boston, PhoneNum=212821899}
{Name=Wilf Mcgowan, Address=114 Morton Rd, City=Boston, PhoneNum=212351495}
{Name=Wilford Andrade, Address=335 Commerce Rd, City=Boston, PhoneNum=212286486}
{Name=Wilfred Rowe, Address=383 Canal Rd, City=Boston, PhoneNum=212998303}
{Name=Will Vega, Address=344 Henry Rd, City=Boston, PhoneNum=212890560}
{Name=Willard Sampson, Address=61 Leroy Rd, City=Boston, PhoneNum=212656893}
{Name=William Montgomery, Address=341 Canal Rd, City=Boston, PhoneNum=212623390}
{Name=Willie Mcdonald, Address=184 Leroy Rd, City=Boston, PhoneNum=212719537}
{Name=Wilton Wallace, Address=44 Henry Rd, City=Boston, PhoneNum=212899070}
{Name=Winifred Moses, Address=403 Leroy Rd, City=Boston, PhoneNum=212967922}
{Name=Winnie Vang, Address=42 Commerce Rd, City=Boston, PhoneNum=212990674}
{Name=Xavier Haas, Address=455 Leroy Rd, City=Boston, PhoneNum=212772991}
{Name=Xavier Stokes, Address=513 Downing Rd, City=Boston, PhoneNum=212947986}
{Name=Zachariah Farrow, Address=396 Morton Rd, City=Boston, PhoneNum=212916809}
{Name=Zachariah Morris, Address=447 Henry Rd, City=Boston, PhoneNum=212854724}
{Name=Zachery Acosta, Address=262 Canal Rd, City=Boston, PhoneNum=212279929}
{Name=Zane Hanson, Address=545 Downing Rd, City=Boston, PhoneNum=212069411}
{Name=Zelma Fowler, Address=400 Kenmare Rd, City=Boston, PhoneNum=212386818}
