﻿{Name=Abdur-Rahman Fleming, Address=56 Monroe Pl, City=Chicago, PhoneNum=212261453}
{Name=Abraham Ruiz, Address=595 Monroe Pl, City=Chicago, PhoneNum=212033516}
{Name=Ada Robinson, Address=133 Laight Pl, City=Chicago, PhoneNum=212514254}
{Name=Adam Wilcox, Address=488 Edgar Pl, City=Chicago, PhoneNum=212651854}
{Name=Adele Sanchez, Address=353 Laight Pl, City=Chicago, PhoneNum=212817502}
{Name=Adeline Glover, Address=35 Pell Pl, City=Chicago, PhoneNum=212048345}
{Name=Adolfo Odonnell, Address=135 Mott Pl, City=Chicago, PhoneNum=212909887}
{Name=Adrienne Frazier, Address=164 Battery Pl, City=Chicago, PhoneNum=212643009}
{Name=Adrienne Gay, Address=63 Charlton Pl, City=Chicago, PhoneNum=212229384}
{Name=Aimee Hurley, Address=528 Laight Pl, City=Chicago, PhoneNum=212483326}
{Name=Albert Moses, Address=258 Battery Pl, City=Chicago, PhoneNum=212689168}
{Name=Alberta Cannon, Address=477 Charlton Pl, City=Chicago, PhoneNum=212487021}
{Name=Alden Sweeney, Address=351 Monroe Pl, City=Chicago, PhoneNum=212176273}
{Name=Aldo Mann, Address=501 Jones Pl, City=Chicago, PhoneNum=212910870}
{Name=Alejandra Mccoy, Address=194 Jones Pl, City=Chicago, PhoneNum=212525751}
{Name=Alex Hancock, Address=110 Jones Pl, City=Chicago, PhoneNum=212429692}
{Name=Alfonzo Wade, Address=438 Jones Pl, City=Chicago, PhoneNum=212130537}
{Name=Alfreda Howe, Address=435 Grove Pl, City=Chicago, PhoneNum=212029706}
{Name=Alfredo Boyd, Address=239 Pell Pl, City=Chicago, PhoneNum=212578009}
{Name=Alice Livingston, Address=193 Pell Pl, City=Chicago, PhoneNum=212010017}
{Name=Alice Ramirez, Address=167 Charlton Pl, City=Chicago, PhoneNum=212462198}
{Name=Aliesha Almond, Address=539 Battery Pl, City=Chicago, PhoneNum=212327775}
{Name=Aline Cowan, Address=113 Charlton Pl, City=Chicago, PhoneNum=212995929}
{Name=Alisa Francis, Address=22 Battery Pl, City=Chicago, PhoneNum=212398718}
{Name=Alissa Gentry, Address=569 Grove Pl, City=Chicago, PhoneNum=212513736}
{Name=Alissa Howell, Address=216 Edgar Pl, City=Chicago, PhoneNum=212898079}
{Name=Allan Leach, Address=148 Jones Pl, City=Chicago, PhoneNum=212184076}
{Name=Allie Mcconnell, Address=268 Laight Pl, City=Chicago, PhoneNum=212919140}
{Name=Allyson Stuart, Address=455 Laight Pl, City=Chicago, PhoneNum=212459815}
{Name=Alonzo King, Address=171 Battery Pl, City=Chicago, PhoneNum=212322411}
{Name=Althea Chan, Address=43 Pell Pl, City=Chicago, PhoneNum=212828740}
{Name=Althea Travis, Address=61 Charlton Pl, City=Chicago, PhoneNum=212318485}
{Name=Althea Valdez, Address=595 Pell Pl, City=Chicago, PhoneNum=212516517}
{Name=Alton Dyer, Address=207 Monroe Pl, City=Chicago, PhoneNum=212834952}
{Name=Alyce Good, Address=323 Edgar Pl, City=Chicago, PhoneNum=212575136}
{Name=Alyce Meyer, Address=506 Monroe Pl, City=Chicago, PhoneNum=212011061}
{Name=Alyson Lynn, Address=300 Grove Pl, City=Chicago, PhoneNum=212786828}
{Name=Alyson Zimmerman, Address=213 Grove Pl, City=Chicago, PhoneNum=212574402}
{Name=Amado Atkins, Address=452 Charlton Pl, City=Chicago, PhoneNum=212118163}
{Name=Amado Bradshaw, Address=385 Charlton Pl, City=Chicago, PhoneNum=212808179}
{Name=Amalia Harrison, Address=175 Mott Pl, City=Chicago, PhoneNum=212676637}
{Name=Amalia Lindsey, Address=515 Laight Pl, City=Chicago, PhoneNum=212148092}
{Name=Amalia Peterson, Address=314 Battery Pl, City=Chicago, PhoneNum=212176129}
{Name=Amaya Dominguez, Address=315 Edgar Pl, City=Chicago, PhoneNum=212730092}
{Name=Amparo Velazquez, Address=94 Edgar Pl, City=Chicago, PhoneNum=212482146}
{Name=Anderson Harmon, Address=546 Jones Pl, City=Chicago, PhoneNum=212036421}
{Name=Andrea Martin, Address=301 Mott Pl, City=Chicago, PhoneNum=212760681}
{Name=Andy Shelton, Address=426 Edgar Pl, City=Chicago, PhoneNum=212873155}
{Name=Angelia Raymond, Address=220 Laight Pl, City=Chicago, PhoneNum=212669440}
{Name=Angelina Henry, Address=18 Mott Pl, City=Chicago, PhoneNum=212582058}
{Name=Angeline Noble, Address=254 Pell Pl, City=Chicago, PhoneNum=212002898}
{Name=Angelita Ortiz, Address=319 Battery Pl, City=Chicago, PhoneNum=212863058}
{Name=Angelo Lewis, Address=63 Mott Pl, City=Chicago, PhoneNum=212003618}
{Name=Angelo Powers, Address=286 Battery Pl, City=Chicago, PhoneNum=212326282}
{Name=Angie Phillips, Address=575 Battery Pl, City=Chicago, PhoneNum=212189734}
{Name=Angus Wells, Address=335 Jones Pl, City=Chicago, PhoneNum=212131815}
{Name=Anita Khan, Address=174 Edgar Pl, City=Chicago, PhoneNum=212224813}
{Name=Anja Squires, Address=393 Jones Pl, City=Chicago, PhoneNum=212267913}
{Name=Ann Chapman, Address=291 Jones Pl, City=Chicago, PhoneNum=212326659}
{Name=Anna Yoder, Address=368 Jones Pl, City=Chicago, PhoneNum=212945859}
{Name=Anne Taylor, Address=136 Monroe Pl, City=Chicago, PhoneNum=212199799}
{Name=Annie Holmes, Address=380 Mott Pl, City=Chicago, PhoneNum=212090290}
{Name=Annmarie Butler, Address=76 Edgar Pl, City=Chicago, PhoneNum=212390393}
{Name=Anthony Gentry, Address=312 Mott Pl, City=Chicago, PhoneNum=212196349}
{Name=Antoinette Levine, Address=399 Battery Pl, City=Chicago, PhoneNum=212441740}
{Name=Anton Mullins, Address=521 Mott Pl, City=Chicago, PhoneNum=212995813}
{Name=Anton Underwood, Address=179 Laight Pl, City=Chicago, PhoneNum=212159038}
{Name=April Tanner, Address=276 Mott Pl, City=Chicago, PhoneNum=212523815}
{Name=Araceli Arroyo, Address=365 Mott Pl, City=Chicago, PhoneNum=212288073}
{Name=Arden Warren, Address=114 Charlton Pl, City=Chicago, PhoneNum=212079979}
{Name=Arden Wheeler, Address=277 Battery Pl, City=Chicago, PhoneNum=212465404}
{Name=Arlene Cantrell, Address=426 Charlton Pl, City=Chicago, PhoneNum=212049626}
{Name=Arlene Howell, Address=525 Mott Pl, City=Chicago, PhoneNum=212765160}
{Name=Arthur Salazar, Address=432 Edgar Pl, City=Chicago, PhoneNum=212844968}
{Name=Arturo Grimes, Address=137 Monroe Pl, City=Chicago, PhoneNum=212880480}
{Name=Arturo Mcgrath, Address=266 Monroe Pl, City=Chicago, PhoneNum=212940985}
{Name=Asmaa Mcmanus, Address=389 Battery Pl, City=Chicago, PhoneNum=212982489}
{Name=Aubrey Mullins, Address=28 Pell Pl, City=Chicago, PhoneNum=212410396}
{Name=August Ewing, Address=39 Monroe Pl, City=Chicago, PhoneNum=212375956}
{Name=August Meza, Address=134 Monroe Pl, City=Chicago, PhoneNum=212683537}
{Name=Austin Oconnor, Address=214 Mott Pl, City=Chicago, PhoneNum=212441403}
{Name=Autumn Hubbard, Address=101 Charlton Pl, City=Chicago, PhoneNum=212864113}
{Name=Avery Downs, Address=264 Edgar Pl, City=Chicago, PhoneNum=212272727}
{Name=Aydin Mccoy, Address=189 Pell Pl, City=Chicago, PhoneNum=212238399}
{Name=Ayra Kent, Address=584 Edgar Pl, City=Chicago, PhoneNum=212635064}
{Name=Ayyub Wolfe, Address=66 Battery Pl, City=Chicago, PhoneNum=212188660}
{Name=Barbara Hebert, Address=525 Battery Pl, City=Chicago, PhoneNum=212969768}
{Name=Bart Meyers, Address=48 Pell Pl, City=Chicago, PhoneNum=212204459}
{Name=Beatriz Welch, Address=144 Laight Pl, City=Chicago, PhoneNum=212809025}
{Name=Belinda Washington, Address=415 Pell Pl, City=Chicago, PhoneNum=212130913}
{Name=Benedict Peters, Address=507 Mott Pl, City=Chicago, PhoneNum=212307747}
{Name=Benedict Rojas, Address=419 Grove Pl, City=Chicago, PhoneNum=212507020}
{Name=Benita Fitzpatrick, Address=64 Edgar Pl, City=Chicago, PhoneNum=212087999}
{Name=Benton Potter, Address=114 Laight Pl, City=Chicago, PhoneNum=212005230}
{Name=Bernadette Hardin, Address=191 Jones Pl, City=Chicago, PhoneNum=212091445}
{Name=Berry Friedman, Address=313 Pell Pl, City=Chicago, PhoneNum=212917258}
{Name=Berry Nguyen, Address=294 Battery Pl, City=Chicago, PhoneNum=212870612}
{Name=Bethany Bowers, Address=131 Jones Pl, City=Chicago, PhoneNum=212333508}
{Name=Betsy Rocha, Address=355 Laight Pl, City=Chicago, PhoneNum=212911021}
{Name=Bette Benjamin, Address=226 Jones Pl, City=Chicago, PhoneNum=212535902}
{Name=Beulah Ibarra, Address=190 Battery Pl, City=Chicago, PhoneNum=212681602}
{Name=Beulah Tapia, Address=320 Jones Pl, City=Chicago, PhoneNum=212451696}
{Name=Beverly Frost, Address=340 Grove Pl, City=Chicago, PhoneNum=212924328}
{Name=Billie Kirk, Address=486 Battery Pl, City=Chicago, PhoneNum=212095633}
{Name=Blaine Yoder, Address=548 Charlton Pl, City=Chicago, PhoneNum=212392279}
{Name=Blair Armstrong, Address=223 Monroe Pl, City=Chicago, PhoneNum=212664606}
{Name=Blanca Weaver, Address=433 Pell Pl, City=Chicago, PhoneNum=212887300}
{Name=Blanche Wood, Address=541 Monroe Pl, City=Chicago, PhoneNum=212674032}
{Name=Bobbi Faulkner, Address=447 Grove Pl, City=Chicago, PhoneNum=212645404}
{Name=Bobby Greer, Address=483 Mott Pl, City=Chicago, PhoneNum=212445306}
{Name=Bradford Gentry, Address=341 Mott Pl, City=Chicago, PhoneNum=212334174}
{Name=Bradly Page, Address=358 Jones Pl, City=Chicago, PhoneNum=212278676}
{Name=Brady Cortez, Address=382 Charlton Pl, City=Chicago, PhoneNum=212830162}
{Name=Brady Murillo, Address=306 Grove Pl, City=Chicago, PhoneNum=212559797}
{Name=Brain Rush, Address=6 Charlton Pl, City=Chicago, PhoneNum=212495729}
{Name=Brandan Zhang, Address=416 Edgar Pl, City=Chicago, PhoneNum=212723122}
{Name=Branden Ballard, Address=290 Edgar Pl, City=Chicago, PhoneNum=212265932}
{Name=Brandie Moore, Address=163 Battery Pl, City=Chicago, PhoneNum=212358133}
{Name=Brandy Lowery, Address=194 Pell Pl, City=Chicago, PhoneNum=212879510}
{Name=Brandy Terrell, Address=257 Charlton Pl, City=Chicago, PhoneNum=212945791}
{Name=Brenton Figueroa, Address=78 Pell Pl, City=Chicago, PhoneNum=212975023}
{Name=Bret Barrett, Address=145 Mott Pl, City=Chicago, PhoneNum=212740973}
{Name=Briana Cooke, Address=588 Jones Pl, City=Chicago, PhoneNum=212421218}
{Name=Bridgett Hale, Address=68 Jones Pl, City=Chicago, PhoneNum=212139537}
{Name=Brittney Dixon, Address=60 Mott Pl, City=Chicago, PhoneNum=212054991}
{Name=Brittney Pena, Address=261 Charlton Pl, City=Chicago, PhoneNum=212441870}
{Name=Brock Durham, Address=76 Battery Pl, City=Chicago, PhoneNum=212807626}
{Name=Broderick Marquez, Address=76 Pell Pl, City=Chicago, PhoneNum=212608900}
{Name=Buck Vance, Address=316 Battery Pl, City=Chicago, PhoneNum=212914355}
{Name=Buford Rice, Address=568 Monroe Pl, City=Chicago, PhoneNum=212933252}
{Name=Caitlin Jordan, Address=377 Charlton Pl, City=Chicago, PhoneNum=212980120}
{Name=Camille Steele, Address=487 Edgar Pl, City=Chicago, PhoneNum=212590018}
{Name=Candace Serrano, Address=449 Pell Pl, City=Chicago, PhoneNum=212599494}
{Name=Candice Strickland, Address=433 Grove Pl, City=Chicago, PhoneNum=212859112}
{Name=Candy Sampson, Address=125 Mott Pl, City=Chicago, PhoneNum=212771049}
{Name=Candy Snow, Address=230 Monroe Pl, City=Chicago, PhoneNum=212082649}
{Name=Carl Stevenson, Address=119 Charlton Pl, City=Chicago, PhoneNum=212506873}
{Name=Carla Pena, Address=235 Pell Pl, City=Chicago, PhoneNum=212631488}
{Name=Carlos Lindsey, Address=295 Battery Pl, City=Chicago, PhoneNum=212079394}
{Name=Carlton Higgins, Address=89 Pell Pl, City=Chicago, PhoneNum=212504901}
{Name=Carmella Baird, Address=576 Laight Pl, City=Chicago, PhoneNum=212329655}
{Name=Carmelo Hobbs, Address=86 Grove Pl, City=Chicago, PhoneNum=212921484}
{Name=Carmelo Nash, Address=526 Jones Pl, City=Chicago, PhoneNum=212139255}
{Name=Carolyn Christian, Address=40 Battery Pl, City=Chicago, PhoneNum=212487750}
{Name=Cary Davenport, Address=357 Charlton Pl, City=Chicago, PhoneNum=212233379}
{Name=Cary Hardy, Address=538 Monroe Pl, City=Chicago, PhoneNum=212024391}
{Name=Casandra Esparza, Address=324 Jones Pl, City=Chicago, PhoneNum=212498215}
{Name=Cassandra Guerrero, Address=140 Monroe Pl, City=Chicago, PhoneNum=212194993}
{Name=Cassie Hale, Address=204 Pell Pl, City=Chicago, PhoneNum=212772457}
{Name=Cassie Morales, Address=1 Battery Pl, City=Chicago, PhoneNum=212169591}
{Name=Catherine Brennan, Address=219 Mott Pl, City=Chicago, PhoneNum=212317876}
{Name=Cathleen Novak, Address=354 Grove Pl, City=Chicago, PhoneNum=212673923}
{Name=Cathy Cunningham, Address=230 Edgar Pl, City=Chicago, PhoneNum=212960738}
{Name=Cecile Kent, Address=382 Pell Pl, City=Chicago, PhoneNum=212267069}
{Name=Cecilia Conrad, Address=198 Pell Pl, City=Chicago, PhoneNum=212785280}
{Name=Cedrick Baker, Address=481 Edgar Pl, City=Chicago, PhoneNum=212225910}
{Name=Cesar Berger, Address=253 Monroe Pl, City=Chicago, PhoneNum=212577515}
{Name=Cesar Madden, Address=319 Grove Pl, City=Chicago, PhoneNum=212709609}
{Name=Chad Daniel, Address=32 Mott Pl, City=Chicago, PhoneNum=212255273}
{Name=Chad Mendoza, Address=137 Edgar Pl, City=Chicago, PhoneNum=212272012}
{Name=Chadwick Davies, Address=169 Charlton Pl, City=Chicago, PhoneNum=212850942}
{Name=Chadwick Harrell, Address=72 Charlton Pl, City=Chicago, PhoneNum=212522363}
{Name=Chaim Witt, Address=303 Edgar Pl, City=Chicago, PhoneNum=212358635}
{Name=Chas Ashley, Address=100 Charlton Pl, City=Chicago, PhoneNum=212755571}
{Name=Chas Meadows, Address=540 Grove Pl, City=Chicago, PhoneNum=212706556}
{Name=Cheri Boyd, Address=116 Grove Pl, City=Chicago, PhoneNum=212008094}
{Name=Cherry Day, Address=312 Charlton Pl, City=Chicago, PhoneNum=212594408}
{Name=Cherry Deleon, Address=586 Monroe Pl, City=Chicago, PhoneNum=212302359}
{Name=Cherry Singh, Address=221 Grove Pl, City=Chicago, PhoneNum=212515380}
{Name=Chet Pruitt, Address=293 Edgar Pl, City=Chicago, PhoneNum=212787441}
{Name=Chris Carey, Address=336 Charlton Pl, City=Chicago, PhoneNum=212720736}
{Name=Christie Ibarra, Address=123 Edgar Pl, City=Chicago, PhoneNum=212662100}
{Name=Christy Wade, Address=345 Pell Pl, City=Chicago, PhoneNum=212782987}
{Name=Chuck Turner, Address=23 Edgar Pl, City=Chicago, PhoneNum=212658100}
{Name=Cindy Lawrence, Address=544 Battery Pl, City=Chicago, PhoneNum=212780067}
{Name=Claire Frey, Address=395 Grove Pl, City=Chicago, PhoneNum=212260827}
{Name=Clarice Raymond, Address=283 Mott Pl, City=Chicago, PhoneNum=212335366}
{Name=Clark Davis, Address=228 Monroe Pl, City=Chicago, PhoneNum=212950869}
{Name=Claud Gallegos, Address=150 Pell Pl, City=Chicago, PhoneNum=212465203}
{Name=Claudia Huang, Address=3 Jones Pl, City=Chicago, PhoneNum=212666837}
{Name=Claudia Maynard, Address=3 Monroe Pl, City=Chicago, PhoneNum=212650066}
{Name=Claudine Edwards, Address=545 Laight Pl, City=Chicago, PhoneNum=212401111}
{Name=Clay Mora, Address=442 Pell Pl, City=Chicago, PhoneNum=212799722}
{Name=Clint Dougherty, Address=498 Mott Pl, City=Chicago, PhoneNum=212976405}
{Name=Clyde Howard, Address=184 Laight Pl, City=Chicago, PhoneNum=212838516}
{Name=Cody Mcclain, Address=204 Monroe Pl, City=Chicago, PhoneNum=212500565}
{Name=Colby Chaney, Address=450 Charlton Pl, City=Chicago, PhoneNum=212005398}
{Name=Coleen Waters, Address=359 Laight Pl, City=Chicago, PhoneNum=212605136}
{Name=Colette Hickman, Address=356 Battery Pl, City=Chicago, PhoneNum=212344698}
{Name=Colette Short, Address=279 Pell Pl, City=Chicago, PhoneNum=212829274}
{Name=Colleen Singleton, Address=7 Battery Pl, City=Chicago, PhoneNum=212896955}
{Name=Columbus Dalton, Address=475 Pell Pl, City=Chicago, PhoneNum=212244335}
{Name=Concepcion Mcknight, Address=287 Pell Pl, City=Chicago, PhoneNum=212917233}
{Name=Connah Cooley, Address=284 Jones Pl, City=Chicago, PhoneNum=212894406}
{Name=Conrad Brandt, Address=408 Monroe Pl, City=Chicago, PhoneNum=212342215}
{Name=Cora Woodward, Address=336 Grove Pl, City=Chicago, PhoneNum=212435092}
{Name=Cordell Manning, Address=288 Pell Pl, City=Chicago, PhoneNum=212392318}
{Name=Corina Young, Address=383 Mott Pl, City=Chicago, PhoneNum=212362659}
{Name=Corine Holland, Address=587 Grove Pl, City=Chicago, PhoneNum=212766599}
{Name=Cornelia Potter, Address=101 Mott Pl, City=Chicago, PhoneNum=212274722}
{Name=Cornelius Gardner, Address=564 Monroe Pl, City=Chicago, PhoneNum=212773118}
{Name=Cory Cowan, Address=252 Monroe Pl, City=Chicago, PhoneNum=212534798}
{Name=Courtney Dougherty, Address=201 Charlton Pl, City=Chicago, PhoneNum=212620002}
{Name=Craig Conner, Address=422 Battery Pl, City=Chicago, PhoneNum=212132417}
{Name=Cristian Thorne, Address=42 Charlton Pl, City=Chicago, PhoneNum=212271909}
{Name=Cristobal Mora, Address=360 Grove Pl, City=Chicago, PhoneNum=212605466}
{Name=Cruz Millington, Address=185 Monroe Pl, City=Chicago, PhoneNum=212619157}
{Name=Curt Cooper, Address=434 Battery Pl, City=Chicago, PhoneNum=212283282}
{Name=Cynthia Carrillo, Address=81 Charlton Pl, City=Chicago, PhoneNum=212423804}
{Name=Cyril Blackburn, Address=508 Monroe Pl, City=Chicago, PhoneNum=212562747}
{Name=Cyril Miranda, Address=381 Monroe Pl, City=Chicago, PhoneNum=212400468}
{Name=Cyril Ramos, Address=525 Edgar Pl, City=Chicago, PhoneNum=212129573}
{Name=Daisy Haney, Address=178 Battery Pl, City=Chicago, PhoneNum=212140571}
{Name=Daisy Pierce, Address=366 Jones Pl, City=Chicago, PhoneNum=212978432}
{Name=Dalton Cook, Address=570 Grove Pl, City=Chicago, PhoneNum=212537647}
{Name=Damian Goodwin, Address=6 Laight Pl, City=Chicago, PhoneNum=212659648}
{Name=Damien Stein, Address=88 Monroe Pl, City=Chicago, PhoneNum=212983986}
{Name=Dan Cole, Address=578 Battery Pl, City=Chicago, PhoneNum=212449298}
{Name=Danielle Cummings, Address=50 Pell Pl, City=Chicago, PhoneNum=212678709}
{Name=Danielle Tanner, Address=55 Laight Pl, City=Chicago, PhoneNum=212399524}
{Name=Danilo Everett, Address=46 Edgar Pl, City=Chicago, PhoneNum=212865851}
{Name=Danilo Velazquez, Address=441 Laight Pl, City=Chicago, PhoneNum=212369078}
{Name=Dannie Simmons, Address=51 Battery Pl, City=Chicago, PhoneNum=212306066}
{Name=Dante Briggs, Address=251 Grove Pl, City=Chicago, PhoneNum=212262625}
{Name=Dante Shah, Address=237 Mott Pl, City=Chicago, PhoneNum=212232203}
{Name=Daphne Vazquez, Address=196 Edgar Pl, City=Chicago, PhoneNum=212106435}
{Name=Darell Mccarty, Address=525 Grove Pl, City=Chicago, PhoneNum=212521457}
{Name=Darell Noble, Address=484 Grove Pl, City=Chicago, PhoneNum=212138353}
{Name=Darell Parrish, Address=142 Jones Pl, City=Chicago, PhoneNum=212276171}
{Name=Darell Patterson, Address=567 Monroe Pl, City=Chicago, PhoneNum=212570861}
{Name=Darin Bridges, Address=115 Edgar Pl, City=Chicago, PhoneNum=212060258}
{Name=Darin Lynn, Address=519 Laight Pl, City=Chicago, PhoneNum=212787682}
{Name=Darlene Black, Address=85 Pell Pl, City=Chicago, PhoneNum=212233957}
{Name=Darlene Hoffman, Address=554 Pell Pl, City=Chicago, PhoneNum=212782870}
{Name=Daron Boyle, Address=196 Pell Pl, City=Chicago, PhoneNum=212011039}
{Name=Daron Watson, Address=380 Jones Pl, City=Chicago, PhoneNum=212582615}
{Name=Darrel Alexander, Address=473 Grove Pl, City=Chicago, PhoneNum=212021490}
{Name=Darrell Jarvis, Address=454 Monroe Pl, City=Chicago, PhoneNum=212176781}
{Name=Darren Orozco, Address=456 Laight Pl, City=Chicago, PhoneNum=212400306}
{Name=Dave Walsh, Address=126 Edgar Pl, City=Chicago, PhoneNum=212834815}
{Name=Davis Shepard, Address=86 Laight Pl, City=Chicago, PhoneNum=212166008}
{Name=Dean Burke, Address=16 Jones Pl, City=Chicago, PhoneNum=212997454}
{Name=Deandre Wheeler, Address=18 Grove Pl, City=Chicago, PhoneNum=212366731}
{Name=Deann Bonilla, Address=494 Edgar Pl, City=Chicago, PhoneNum=212837371}
{Name=Debbie Cox, Address=81 Jones Pl, City=Chicago, PhoneNum=212120680}
{Name=Deborah Curry, Address=186 Grove Pl, City=Chicago, PhoneNum=212894820}
{Name=Debra Caldwell, Address=206 Monroe Pl, City=Chicago, PhoneNum=212249583}
{Name=Del Mendez, Address=361 Charlton Pl, City=Chicago, PhoneNum=212425399}
{Name=Del Zhang, Address=303 Battery Pl, City=Chicago, PhoneNum=212993255}
{Name=Della Fox, Address=60 Laight Pl, City=Chicago, PhoneNum=212614076}
{Name=Delores Shea, Address=530 Edgar Pl, City=Chicago, PhoneNum=212261880}
{Name=Dena Werner, Address=505 Laight Pl, City=Chicago, PhoneNum=212116662}
{Name=Denis Stevenson, Address=7 Mott Pl, City=Chicago, PhoneNum=212821479}
{Name=Denise Foster, Address=336 Mott Pl, City=Chicago, PhoneNum=212330305}
{Name=Denver Roman, Address=478 Jones Pl, City=Chicago, PhoneNum=212799077}
{Name=Deshawn Malone, Address=488 Mott Pl, City=Chicago, PhoneNum=212102351}
{Name=Dewayne Carson, Address=11 Jones Pl, City=Chicago, PhoneNum=212492939}
{Name=Dewayne Dean, Address=249 Jones Pl, City=Chicago, PhoneNum=212931814}
{Name=Dexter Sparks, Address=252 Edgar Pl, City=Chicago, PhoneNum=212942709}
{Name=Dexter Townsend, Address=226 Pell Pl, City=Chicago, PhoneNum=212747461}
{Name=Diann Keller, Address=473 Laight Pl, City=Chicago, PhoneNum=212782260}
{Name=Dianna Coleman, Address=522 Laight Pl, City=Chicago, PhoneNum=212744801}
{Name=Dick Russell, Address=274 Grove Pl, City=Chicago, PhoneNum=212486294}
{Name=Diego Lucas, Address=58 Monroe Pl, City=Chicago, PhoneNum=212225134}
{Name=Dina Mcmillan, Address=17 Laight Pl, City=Chicago, PhoneNum=212076026}
{Name=Domingo Mcbride, Address=336 Edgar Pl, City=Chicago, PhoneNum=212608648}
{Name=Dominic Parsons, Address=360 Charlton Pl, City=Chicago, PhoneNum=212774249}
{Name=Dong Osborne, Address=322 Monroe Pl, City=Chicago, PhoneNum=212456047}
{Name=Donn Cross, Address=543 Monroe Pl, City=Chicago, PhoneNum=212277626}
{Name=Donn Robinson, Address=227 Battery Pl, City=Chicago, PhoneNum=212199920}
{Name=Donnie Gillespie, Address=468 Laight Pl, City=Chicago, PhoneNum=212999090}
{Name=Dora Glass, Address=11 Laight Pl, City=Chicago, PhoneNum=212698375}
{Name=Dorothea Keith, Address=557 Laight Pl, City=Chicago, PhoneNum=212106361}
{Name=Dorothy Hogan, Address=425 Mott Pl, City=Chicago, PhoneNum=212558345}
{Name=Dorsey Frank, Address=110 Laight Pl, City=Chicago, PhoneNum=212451985}
{Name=Dorthy Lyons, Address=152 Pell Pl, City=Chicago, PhoneNum=212651565}
{Name=Douglas Logan, Address=494 Monroe Pl, City=Chicago, PhoneNum=212281920}
{Name=Douglas Mueller, Address=249 Monroe Pl, City=Chicago, PhoneNum=212019396}
{Name=Dusty Davidson, Address=477 Laight Pl, City=Chicago, PhoneNum=212871782}
{Name=Dylan Benitez, Address=19 Grove Pl, City=Chicago, PhoneNum=212716877}
{Name=Earl Bond, Address=204 Laight Pl, City=Chicago, PhoneNum=212564539}
{Name=Earl West, Address=245 Monroe Pl, City=Chicago, PhoneNum=212203763}
{Name=Eddie Davenport, Address=457 Pell Pl, City=Chicago, PhoneNum=212996927}
{Name=Eden Levine, Address=338 Monroe Pl, City=Chicago, PhoneNum=212526811}
{Name=Edgardo Madden, Address=532 Pell Pl, City=Chicago, PhoneNum=212621119}
{Name=Edie Mills, Address=145 Monroe Pl, City=Chicago, PhoneNum=212178237}
{Name=Edmond Rowe, Address=473 Jones Pl, City=Chicago, PhoneNum=212327417}
{Name=Edmundo Mills, Address=337 Battery Pl, City=Chicago, PhoneNum=212586128}
{Name=Edmundo Solis, Address=417 Laight Pl, City=Chicago, PhoneNum=212863537}
{Name=Edwin Cordova, Address=398 Laight Pl, City=Chicago, PhoneNum=212605271}
{Name=Edwina Bradley, Address=276 Battery Pl, City=Chicago, PhoneNum=212735394}
{Name=Efrain Pineda, Address=249 Edgar Pl, City=Chicago, PhoneNum=212825719}
{Name=Eira Rudd, Address=282 Mott Pl, City=Chicago, PhoneNum=212237454}
{Name=Eldridge Osborne, Address=520 Grove Pl, City=Chicago, PhoneNum=212821266}
{Name=Elena Bauer, Address=30 Mott Pl, City=Chicago, PhoneNum=212305048}
{Name=Elena Clements, Address=512 Edgar Pl, City=Chicago, PhoneNum=212924089}
{Name=Elijah Higgins, Address=184 Pell Pl, City=Chicago, PhoneNum=212497324}
{Name=Elisa Nunez, Address=142 Mott Pl, City=Chicago, PhoneNum=212103198}
{Name=Elisha Steele, Address=535 Pell Pl, City=Chicago, PhoneNum=212548004}
{Name=Ella Montoya, Address=385 Jones Pl, City=Chicago, PhoneNum=212417311}
{Name=Elliot Smith, Address=321 Charlton Pl, City=Chicago, PhoneNum=212988044}
{Name=Elliott Collier, Address=543 Mott Pl, City=Chicago, PhoneNum=212148748}
{Name=Elliott Khan, Address=57 Pell Pl, City=Chicago, PhoneNum=212681201}
{Name=Elma Bradshaw, Address=399 Charlton Pl, City=Chicago, PhoneNum=212198608}
{Name=Elma Lane, Address=391 Pell Pl, City=Chicago, PhoneNum=212311362}
{Name=Elmer Hamilton, Address=391 Grove Pl, City=Chicago, PhoneNum=212382681}
{Name=Elnora Hardy, Address=432 Jones Pl, City=Chicago, PhoneNum=212046926}
{Name=Elsie Clayton, Address=170 Monroe Pl, City=Chicago, PhoneNum=212826723}
{Name=Elton Hawkins, Address=527 Edgar Pl, City=Chicago, PhoneNum=212325148}
{Name=Elvia Roman, Address=586 Jones Pl, City=Chicago, PhoneNum=212218734}
{Name=Elvira Bridges, Address=236 Mott Pl, City=Chicago, PhoneNum=212679469}
{Name=Elwood Bautista, Address=463 Grove Pl, City=Chicago, PhoneNum=212983328}
{Name=Emery Rowland, Address=369 Grove Pl, City=Chicago, PhoneNum=212267158}
{Name=Emilio Mueller, Address=351 Pell Pl, City=Chicago, PhoneNum=212883841}
{Name=Emmett Trevino, Address=33 Laight Pl, City=Chicago, PhoneNum=212411955}
{Name=Erasmo Duncan, Address=400 Grove Pl, City=Chicago, PhoneNum=212280961}
{Name=Eric Garrett, Address=224 Pell Pl, City=Chicago, PhoneNum=212696452}
{Name=Erika Estes, Address=134 Mott Pl, City=Chicago, PhoneNum=212891902}
{Name=Erma Davies, Address=537 Edgar Pl, City=Chicago, PhoneNum=212430030}
{Name=Ernest Casey, Address=448 Edgar Pl, City=Chicago, PhoneNum=212340269}
{Name=Ernestine Soto, Address=525 Laight Pl, City=Chicago, PhoneNum=212712149}
{Name=Ernesto Franco, Address=447 Battery Pl, City=Chicago, PhoneNum=212800025}
{Name=Ernie Calhoun, Address=510 Monroe Pl, City=Chicago, PhoneNum=212141034}
{Name=Ernie Pham, Address=424 Charlton Pl, City=Chicago, PhoneNum=212956236}
{Name=Ernie Wood, Address=180 Battery Pl, City=Chicago, PhoneNum=212317969}
{Name=Ervin Butler, Address=382 Mott Pl, City=Chicago, PhoneNum=212127989}
{Name=Esmeralda Krause, Address=29 Monroe Pl, City=Chicago, PhoneNum=212375818}
{Name=Esteban Oneal, Address=261 Laight Pl, City=Chicago, PhoneNum=212351142}
{Name=Estela Fields, Address=289 Grove Pl, City=Chicago, PhoneNum=212447622}
{Name=Ester Mcintyre, Address=226 Grove Pl, City=Chicago, PhoneNum=212698536}
{Name=Esther Frye, Address=327 Monroe Pl, City=Chicago, PhoneNum=212272536}
{Name=Ethan Lawson, Address=431 Edgar Pl, City=Chicago, PhoneNum=212882839}
{Name=Etta Skinner, Address=75 Laight Pl, City=Chicago, PhoneNum=212419017}
{Name=Eugene Cox, Address=524 Laight Pl, City=Chicago, PhoneNum=212453617}
{Name=Eugenio Leach, Address=90 Grove Pl, City=Chicago, PhoneNum=212411680}
{Name=Eva Cruz, Address=308 Mott Pl, City=Chicago, PhoneNum=212097030}
{Name=Evan Owen, Address=551 Laight Pl, City=Chicago, PhoneNum=212812514}
{Name=Evan Rangel, Address=107 Edgar Pl, City=Chicago, PhoneNum=212465173}
{Name=Everette Carter, Address=479 Edgar Pl, City=Chicago, PhoneNum=212661422}
{Name=Ezequiel Harrison, Address=156 Edgar Pl, City=Chicago, PhoneNum=212420929}
{Name=Ezequiel Mora, Address=221 Monroe Pl, City=Chicago, PhoneNum=212495886}
{Name=Fabian Daniels, Address=336 Laight Pl, City=Chicago, PhoneNum=212988511}
{Name=Fannie David, Address=356 Laight Pl, City=Chicago, PhoneNum=212061783}
{Name=Fatima Valenzuela, Address=104 Laight Pl, City=Chicago, PhoneNum=212254688}
{Name=Faustino Guerra, Address=401 Battery Pl, City=Chicago, PhoneNum=212814340}
{Name=Felicia Chen, Address=223 Laight Pl, City=Chicago, PhoneNum=212674321}
{Name=Felicia Roman, Address=143 Battery Pl, City=Chicago, PhoneNum=212502247}
{Name=Felicia Schaefer, Address=443 Pell Pl, City=Chicago, PhoneNum=212365337}
{Name=Felicia Taylor, Address=452 Jones Pl, City=Chicago, PhoneNum=212835942}
{Name=Felton Acevedo, Address=63 Grove Pl, City=Chicago, PhoneNum=212990321}
{Name=Ferdinand Aguilar, Address=1 Charlton Pl, City=Chicago, PhoneNum=212439695}
{Name=Ferdinand Norman, Address=204 Battery Pl, City=Chicago, PhoneNum=212682364}
{Name=Ferdinand Powers, Address=27 Mott Pl, City=Chicago, PhoneNum=212575007}
{Name=Ferdinand Waters, Address=544 Mott Pl, City=Chicago, PhoneNum=212088292}
{Name=Filiberto Vazquez, Address=294 Pell Pl, City=Chicago, PhoneNum=212235088}
{Name=Findlay Hopper, Address=348 Laight Pl, City=Chicago, PhoneNum=212747185}
{Name=Flora Proctor, Address=437 Charlton Pl, City=Chicago, PhoneNum=212816424}
{Name=Florencio Chapman, Address=567 Edgar Pl, City=Chicago, PhoneNum=212092447}
{Name=Florencio Mathis, Address=249 Pell Pl, City=Chicago, PhoneNum=212417867}
{Name=Flossie Zhang, Address=19 Battery Pl, City=Chicago, PhoneNum=212955045}
{Name=Floyd Silva, Address=519 Jones Pl, City=Chicago, PhoneNum=212804374}
{Name=Forrest Mullins, Address=257 Edgar Pl, City=Chicago, PhoneNum=212975599}
{Name=Francis Deleon, Address=563 Battery Pl, City=Chicago, PhoneNum=212271141}
{Name=Francisca Glass, Address=333 Pell Pl, City=Chicago, PhoneNum=212767193}
{Name=Frankie Gentry, Address=331 Charlton Pl, City=Chicago, PhoneNum=212697436}
{Name=Frankie Wu, Address=305 Battery Pl, City=Chicago, PhoneNum=212267059}
{Name=Fred Cross, Address=375 Pell Pl, City=Chicago, PhoneNum=212139787}
{Name=Fredric Cervantes, Address=98 Pell Pl, City=Chicago, PhoneNum=212085099}
{Name=Frieda Walton, Address=323 Charlton Pl, City=Chicago, PhoneNum=212461346}
{Name=Gabriel Calderon, Address=329 Monroe Pl, City=Chicago, PhoneNum=212982894}
{Name=Gabriela Cooper, Address=149 Laight Pl, City=Chicago, PhoneNum=212553265}
{Name=Galen Kaufman, Address=396 Mott Pl, City=Chicago, PhoneNum=212275757}
{Name=Gavin Munoz, Address=368 Battery Pl, City=Chicago, PhoneNum=212714471}
{Name=Gay Cherry, Address=258 Laight Pl, City=Chicago, PhoneNum=212413432}
{Name=Gene Brown, Address=311 Grove Pl, City=Chicago, PhoneNum=212273964}
{Name=Gene Prince, Address=32 Monroe Pl, City=Chicago, PhoneNum=212384200}
{Name=Genevieve Newman, Address=172 Mott Pl, City=Chicago, PhoneNum=212559734}
{Name=Georgette Valdez, Address=506 Charlton Pl, City=Chicago, PhoneNum=212132067}
{Name=Gerald Mcguire, Address=198 Edgar Pl, City=Chicago, PhoneNum=212653953}
{Name=Gerald Powell, Address=151 Jones Pl, City=Chicago, PhoneNum=212363671}
{Name=Gerard Collier, Address=39 Mott Pl, City=Chicago, PhoneNum=212439890}
{Name=German Mcguire, Address=380 Charlton Pl, City=Chicago, PhoneNum=212014534}
{Name=Gil Landry, Address=478 Laight Pl, City=Chicago, PhoneNum=212645127}
{Name=Gil Osborne, Address=19 Jones Pl, City=Chicago, PhoneNum=212556387}
{Name=Gilbert Stein, Address=354 Monroe Pl, City=Chicago, PhoneNum=212573616}
{Name=Gilda Andersen, Address=321 Pell Pl, City=Chicago, PhoneNum=212634381}
{Name=Gilda Oconnell, Address=465 Monroe Pl, City=Chicago, PhoneNum=212746748}
{Name=Gina Olson, Address=88 Jones Pl, City=Chicago, PhoneNum=212234508}
{Name=Gino Wade, Address=376 Monroe Pl, City=Chicago, PhoneNum=212710389}
{Name=Gladys Chavez, Address=108 Jones Pl, City=Chicago, PhoneNum=212414747}
{Name=Glenn Harmon, Address=52 Jones Pl, City=Chicago, PhoneNum=212805285}
{Name=Glenna Mcfarland, Address=63 Jones Pl, City=Chicago, PhoneNum=212574871}
{Name=Graciela Rogers, Address=505 Mott Pl, City=Chicago, PhoneNum=212999020}
{Name=Graham Long, Address=259 Mott Pl, City=Chicago, PhoneNum=212558007}
{Name=Granville Brennan, Address=107 Mott Pl, City=Chicago, PhoneNum=212806559}
{Name=Gregg Dougherty, Address=416 Charlton Pl, City=Chicago, PhoneNum=212140309}
{Name=Gregory Walton, Address=84 Jones Pl, City=Chicago, PhoneNum=212477118}
{Name=Griff Duarte, Address=28 Mott Pl, City=Chicago, PhoneNum=212781143}
{Name=Grover Fischer, Address=492 Charlton Pl, City=Chicago, PhoneNum=212328616}
{Name=Grover Mays, Address=348 Edgar Pl, City=Chicago, PhoneNum=212729372}
{Name=Gustavo Pham, Address=224 Edgar Pl, City=Chicago, PhoneNum=212606811}
{Name=Guy Contreras, Address=565 Edgar Pl, City=Chicago, PhoneNum=212674895}
{Name=Hajra Mcgrath, Address=191 Charlton Pl, City=Chicago, PhoneNum=212111911}
{Name=Hakim Pritchard, Address=308 Pell Pl, City=Chicago, PhoneNum=212683871}
{Name=Hal Moreno, Address=359 Monroe Pl, City=Chicago, PhoneNum=212520444}
{Name=Hal Sweeney, Address=499 Mott Pl, City=Chicago, PhoneNum=212590465}
{Name=Hallie Hubbard, Address=350 Laight Pl, City=Chicago, PhoneNum=212742013}
{Name=Hannah Baldwin, Address=497 Grove Pl, City=Chicago, PhoneNum=212041892}
{Name=Harrison Taylor, Address=238 Charlton Pl, City=Chicago, PhoneNum=212099706}
{Name=Helga Sellers, Address=17 Monroe Pl, City=Chicago, PhoneNum=212714757}
{Name=Helga Wang, Address=86 Pell Pl, City=Chicago, PhoneNum=212982679}
{Name=Henley Whelan, Address=370 Grove Pl, City=Chicago, PhoneNum=212803405}
{Name=Henry Fitzpatrick, Address=426 Battery Pl, City=Chicago, PhoneNum=212441390}
{Name=Herb Barr, Address=575 Charlton Pl, City=Chicago, PhoneNum=212647001}
{Name=Herbert Key, Address=405 Monroe Pl, City=Chicago, PhoneNum=212114673}
{Name=Herbert Parker, Address=212 Jones Pl, City=Chicago, PhoneNum=212880820}
{Name=Herminia Carson, Address=5 Battery Pl, City=Chicago, PhoneNum=212436149}
{Name=Hershel Andersen, Address=147 Monroe Pl, City=Chicago, PhoneNum=212593913}
{Name=Hilario Russo, Address=125 Laight Pl, City=Chicago, PhoneNum=212019858}
{Name=Hilary Huang, Address=54 Battery Pl, City=Chicago, PhoneNum=212475394}
{Name=Hilda Hays, Address=545 Jones Pl, City=Chicago, PhoneNum=212642786}
{Name=Hilda Schmidt, Address=393 Grove Pl, City=Chicago, PhoneNum=212590690}
{Name=Hillary Chapman, Address=431 Pell Pl, City=Chicago, PhoneNum=212101293}
{Name=Hillary Cross, Address=212 Pell Pl, City=Chicago, PhoneNum=212016815}
{Name=Hilton Mcdowell, Address=312 Battery Pl, City=Chicago, PhoneNum=212349614}
{Name=Hipolito Forbes, Address=21 Grove Pl, City=Chicago, PhoneNum=212944164}
{Name=Hobert Gregory, Address=143 Grove Pl, City=Chicago, PhoneNum=212600895}
{Name=Hobert Kaiser, Address=455 Charlton Pl, City=Chicago, PhoneNum=212307981}
{Name=Hollie Oliver, Address=254 Jones Pl, City=Chicago, PhoneNum=212818786}
{Name=Holly Zuniga, Address=20 Laight Pl, City=Chicago, PhoneNum=212831297}
{Name=Hope Calderon, Address=312 Grove Pl, City=Chicago, PhoneNum=212509755}
{Name=Houston Wells, Address=45 Mott Pl, City=Chicago, PhoneNum=212678345}
{Name=Howard Herrera, Address=496 Monroe Pl, City=Chicago, PhoneNum=212842925}
{Name=Howard Ramsey, Address=343 Grove Pl, City=Chicago, PhoneNum=212524879}
{Name=Hoyt Ewing, Address=392 Edgar Pl, City=Chicago, PhoneNum=212415286}
{Name=Huey Chandler, Address=485 Monroe Pl, City=Chicago, PhoneNum=212213631}
{Name=Hugh Hines, Address=45 Jones Pl, City=Chicago, PhoneNum=212772299}
{Name=Hugo Williamson, Address=451 Mott Pl, City=Chicago, PhoneNum=212483097}
{Name=Humberto Donaldson, Address=171 Charlton Pl, City=Chicago, PhoneNum=212886552}
{Name=Huseyin Legge, Address=468 Mott Pl, City=Chicago, PhoneNum=212429294}
{Name=Ida Green, Address=283 Charlton Pl, City=Chicago, PhoneNum=212983263}
{Name=Ike Collier, Address=358 Mott Pl, City=Chicago, PhoneNum=212221266}
{Name=Ila Warren, Address=219 Edgar Pl, City=Chicago, PhoneNum=212678953}
{Name=Inayah Mcconnell, Address=156 Charlton Pl, City=Chicago, PhoneNum=212792165}
{Name=Ines Cantrell, Address=512 Charlton Pl, City=Chicago, PhoneNum=212215678}
{Name=Inez Cherry, Address=166 Edgar Pl, City=Chicago, PhoneNum=212823253}
{Name=Iris Maldonado, Address=305 Grove Pl, City=Chicago, PhoneNum=212294592}
{Name=Irving Haas, Address=14 Edgar Pl, City=Chicago, PhoneNum=212397252}
{Name=Irving Young, Address=586 Battery Pl, City=Chicago, PhoneNum=212711677}
{Name=Irwin Davila, Address=150 Jones Pl, City=Chicago, PhoneNum=212040022}
{Name=Isabel Malone, Address=351 Grove Pl, City=Chicago, PhoneNum=212289375}
{Name=Isabel Weiss, Address=172 Jones Pl, City=Chicago, PhoneNum=212520120}
{Name=Isabelle Dawson, Address=306 Laight Pl, City=Chicago, PhoneNum=212537324}
{Name=Isadora Patterson, Address=165 Monroe Pl, City=Chicago, PhoneNum=212995186}
{Name=Isreal Ballard, Address=345 Laight Pl, City=Chicago, PhoneNum=212476802}
{Name=Ivy Lee, Address=594 Battery Pl, City=Chicago, PhoneNum=212557350}
{Name=Izzy Noel, Address=421 Monroe Pl, City=Chicago, PhoneNum=212463544}
{Name=Jackie Logan, Address=369 Edgar Pl, City=Chicago, PhoneNum=212625930}
{Name=Jaclyn Farrell, Address=444 Battery Pl, City=Chicago, PhoneNum=212999301}
{Name=Jacob Kemp, Address=470 Jones Pl, City=Chicago, PhoneNum=212700203}
{Name=Jacquelyn Lozano, Address=323 Pell Pl, City=Chicago, PhoneNum=212390443}
{Name=Jamar Hoffman, Address=466 Pell Pl, City=Chicago, PhoneNum=212605986}
{Name=Jame Day, Address=37 Edgar Pl, City=Chicago, PhoneNum=212724967}
{Name=Jame Maddox, Address=20 Battery Pl, City=Chicago, PhoneNum=212992617}
{Name=James Bradshaw, Address=473 Pell Pl, City=Chicago, PhoneNum=212433024}
{Name=Jamie Daugherty, Address=589 Battery Pl, City=Chicago, PhoneNum=212538181}
{Name=Janet Odom, Address=172 Edgar Pl, City=Chicago, PhoneNum=212802942}
{Name=Janine Crosby, Address=565 Pell Pl, City=Chicago, PhoneNum=212727561}
{Name=Janis Barry, Address=457 Charlton Pl, City=Chicago, PhoneNum=212214011}
{Name=Janis Branch, Address=541 Laight Pl, City=Chicago, PhoneNum=212491742}
{Name=Jannie Cox, Address=399 Grove Pl, City=Chicago, PhoneNum=212273580}
{Name=Jannie Huff, Address=202 Mott Pl, City=Chicago, PhoneNum=212161642}
{Name=Jardel Healy, Address=38 Monroe Pl, City=Chicago, PhoneNum=212660076}
{Name=Jared Buckley, Address=429 Grove Pl, City=Chicago, PhoneNum=212217836}
{Name=Jarod Goodwin, Address=521 Monroe Pl, City=Chicago, PhoneNum=212555391}
{Name=Jarrod Norton, Address=282 Jones Pl, City=Chicago, PhoneNum=212242165}
{Name=Javier Hansen, Address=228 Laight Pl, City=Chicago, PhoneNum=212355360}
{Name=Jay Buckley, Address=225 Grove Pl, City=Chicago, PhoneNum=212597153}
{Name=Jay Burch, Address=248 Grove Pl, City=Chicago, PhoneNum=212693002}
{Name=Jayden-Lee Hewitt, Address=50 Battery Pl, City=Chicago, PhoneNum=212995630}
{Name=Jayne Guerra, Address=113 Jones Pl, City=Chicago, PhoneNum=212059679}
{Name=Jeanette Bentley, Address=526 Monroe Pl, City=Chicago, PhoneNum=212027886}
{Name=Jeanie Tapia, Address=231 Edgar Pl, City=Chicago, PhoneNum=212599260}
{Name=Jeannette Bentley, Address=214 Edgar Pl, City=Chicago, PhoneNum=212808721}
{Name=Jeannette Huerta, Address=556 Jones Pl, City=Chicago, PhoneNum=212272246}
{Name=Jefferson Barry, Address=99 Charlton Pl, City=Chicago, PhoneNum=212571295}
{Name=Jenna Durham, Address=581 Edgar Pl, City=Chicago, PhoneNum=212939098}
{Name=Jennifer Brady, Address=535 Laight Pl, City=Chicago, PhoneNum=212294100}
{Name=Jennifer Humphrey, Address=216 Grove Pl, City=Chicago, PhoneNum=212252947}
{Name=Jenny Mayer, Address=521 Grove Pl, City=Chicago, PhoneNum=212473134}
{Name=Jere Sosa, Address=214 Charlton Pl, City=Chicago, PhoneNum=212664126}
{Name=Jerrod Bautista, Address=104 Pell Pl, City=Chicago, PhoneNum=212744829}
{Name=Jess Torres, Address=482 Jones Pl, City=Chicago, PhoneNum=212827903}
{Name=Jewell Fisher, Address=89 Monroe Pl, City=Chicago, PhoneNum=212866176}
{Name=Jillian Preston, Address=239 Edgar Pl, City=Chicago, PhoneNum=212286350}
{Name=Jimmie Walter, Address=176 Charlton Pl, City=Chicago, PhoneNum=212234163}
{Name=Jo Benson, Address=239 Charlton Pl, City=Chicago, PhoneNum=212238243}
{Name=Joanna Parsons, Address=84 Mott Pl, City=Chicago, PhoneNum=212491333}
{Name=Joanne Hickman, Address=200 Pell Pl, City=Chicago, PhoneNum=212667743}
{Name=Joanne Montgomery, Address=494 Mott Pl, City=Chicago, PhoneNum=212901534}
{Name=Jodie Castro, Address=514 Charlton Pl, City=Chicago, PhoneNum=212610570}
{Name=Jodie Payne, Address=540 Monroe Pl, City=Chicago, PhoneNum=212190753}
{Name=Joe Montgomery, Address=296 Pell Pl, City=Chicago, PhoneNum=212780569}
{Name=Joesph Clark, Address=76 Grove Pl, City=Chicago, PhoneNum=212387765}
{Name=Johanna Chang, Address=430 Monroe Pl, City=Chicago, PhoneNum=212899925}
{Name=John Miranda, Address=441 Battery Pl, City=Chicago, PhoneNum=212756926}
{Name=Johnathan Montgomery, Address=32 Jones Pl, City=Chicago, PhoneNum=212564810}
{Name=Jolene Wilkins, Address=309 Monroe Pl, City=Chicago, PhoneNum=212054321}
{Name=Jonah Chaney, Address=440 Laight Pl, City=Chicago, PhoneNum=212781312}
{Name=Jonas Dean, Address=168 Laight Pl, City=Chicago, PhoneNum=212349204}
{Name=Jordan Harding, Address=47 Laight Pl, City=Chicago, PhoneNum=212453353}
{Name=Jordyn Spencer, Address=597 Jones Pl, City=Chicago, PhoneNum=212300609}
{Name=Jorge Ali, Address=484 Monroe Pl, City=Chicago, PhoneNum=212846849}
{Name=Jose Berry, Address=113 Battery Pl, City=Chicago, PhoneNum=212629853}
{Name=Jose Ellison, Address=20 Pell Pl, City=Chicago, PhoneNum=212416468}
{Name=Josefina Gordon, Address=550 Edgar Pl, City=Chicago, PhoneNum=212671382}
{Name=Josh Harrell, Address=444 Jones Pl, City=Chicago, PhoneNum=212233661}
{Name=Josie Weber, Address=139 Charlton Pl, City=Chicago, PhoneNum=212156892}
{Name=Joy Vincent, Address=5 Mott Pl, City=Chicago, PhoneNum=212492293}
{Name=Juana Goodwin, Address=488 Monroe Pl, City=Chicago, PhoneNum=212238591}
{Name=Juana Horn, Address=174 Pell Pl, City=Chicago, PhoneNum=212197713}
{Name=Judith Park, Address=530 Mott Pl, City=Chicago, PhoneNum=212287420}
{Name=Judy Petersen, Address=29 Edgar Pl, City=Chicago, PhoneNum=212321449}
{Name=Julian Newman, Address=170 Pell Pl, City=Chicago, PhoneNum=212269237}
{Name=Julianne Contreras, Address=49 Edgar Pl, City=Chicago, PhoneNum=212005874}
{Name=Juliet Zamora, Address=107 Charlton Pl, City=Chicago, PhoneNum=212888832}
{Name=Julio Casey, Address=218 Jones Pl, City=Chicago, PhoneNum=212606702}
{Name=June Mcgee, Address=280 Laight Pl, City=Chicago, PhoneNum=212339822}
{Name=June Reid, Address=226 Laight Pl, City=Chicago, PhoneNum=212757297}
{Name=Kaitlin Le, Address=148 Edgar Pl, City=Chicago, PhoneNum=212046539}
{Name=Kara Huber, Address=155 Laight Pl, City=Chicago, PhoneNum=212028551}
{Name=Kareem Mueller, Address=422 Edgar Pl, City=Chicago, PhoneNum=212484703}
{Name=Karim Brady, Address=111 Charlton Pl, City=Chicago, PhoneNum=212424427}
{Name=Karla Krueger, Address=392 Battery Pl, City=Chicago, PhoneNum=212324951}
{Name=Kasey Shah, Address=289 Battery Pl, City=Chicago, PhoneNum=212357414}
{Name=Katelyn Zuniga, Address=375 Charlton Pl, City=Chicago, PhoneNum=212501529}
{Name=Katherine Crosby, Address=378 Mott Pl, City=Chicago, PhoneNum=212911442}
{Name=Katherine Ryan, Address=13 Jones Pl, City=Chicago, PhoneNum=212356014}
{Name=Katheryn Nguyen, Address=67 Edgar Pl, City=Chicago, PhoneNum=212149268}
{Name=Kathie George, Address=372 Monroe Pl, City=Chicago, PhoneNum=212531889}
{Name=Kathryn Roy, Address=563 Laight Pl, City=Chicago, PhoneNum=212919805}
{Name=Kathy Curry, Address=598 Charlton Pl, City=Chicago, PhoneNum=212700137}
{Name=Katie Dodson, Address=235 Edgar Pl, City=Chicago, PhoneNum=212850906}
{Name=Katina Hayes, Address=47 Pell Pl, City=Chicago, PhoneNum=212541965}
{Name=Kaye Diaz, Address=533 Laight Pl, City=Chicago, PhoneNum=212970068}
{Name=Keenan Bonilla, Address=62 Monroe Pl, City=Chicago, PhoneNum=212852596}
{Name=Keith Warner, Address=308 Edgar Pl, City=Chicago, PhoneNum=212740065}
{Name=Kelli Garcia, Address=219 Grove Pl, City=Chicago, PhoneNum=212960544}
{Name=Kelvin Rasmussen, Address=264 Battery Pl, City=Chicago, PhoneNum=212518603}
{Name=Kendrick Stevenson, Address=564 Edgar Pl, City=Chicago, PhoneNum=212460319}
{Name=Keneth Newman, Address=203 Monroe Pl, City=Chicago, PhoneNum=212148886}
{Name=Kent Kane, Address=64 Monroe Pl, City=Chicago, PhoneNum=212501289}
{Name=Keri Hooper, Address=396 Charlton Pl, City=Chicago, PhoneNum=212047285}
{Name=Keri Silva, Address=305 Pell Pl, City=Chicago, PhoneNum=212425402}
{Name=Kermit Faulkner, Address=191 Mott Pl, City=Chicago, PhoneNum=212939999}
{Name=Kieth Silva, Address=18 Charlton Pl, City=Chicago, PhoneNum=212967650}
{Name=Kim Houston, Address=593 Jones Pl, City=Chicago, PhoneNum=212156624}
{Name=Kimberley Barrera, Address=279 Mott Pl, City=Chicago, PhoneNum=212794693}
{Name=Kimberley Mendoza, Address=444 Grove Pl, City=Chicago, PhoneNum=212033743}
{Name=Kory Estes, Address=541 Pell Pl, City=Chicago, PhoneNum=212164655}
{Name=Krista Nicholson, Address=240 Laight Pl, City=Chicago, PhoneNum=212098732}
{Name=Kristie Martin, Address=419 Laight Pl, City=Chicago, PhoneNum=212052304}
{Name=Kristopher Oconnor, Address=334 Pell Pl, City=Chicago, PhoneNum=212964877}
{Name=Kristy Baird, Address=105 Edgar Pl, City=Chicago, PhoneNum=212500828}
{Name=Krystal Brooks, Address=130 Charlton Pl, City=Chicago, PhoneNum=212589160}
{Name=Krystal Gordon, Address=135 Laight Pl, City=Chicago, PhoneNum=212887851}
{Name=Krzysztof Miles, Address=48 Monroe Pl, City=Chicago, PhoneNum=212342940}
{Name=Lacey Vasquez, Address=197 Battery Pl, City=Chicago, PhoneNum=212762212}
{Name=Lacy Bauer, Address=285 Grove Pl, City=Chicago, PhoneNum=212950538}
{Name=Lakeisha Hammond, Address=236 Grove Pl, City=Chicago, PhoneNum=212433196}
{Name=Landon Abbott, Address=48 Laight Pl, City=Chicago, PhoneNum=212482208}
{Name=Landon Hahn, Address=223 Grove Pl, City=Chicago, PhoneNum=212385094}
{Name=Lane Liu, Address=28 Monroe Pl, City=Chicago, PhoneNum=212212690}
{Name=Lanny Boyer, Address=275 Edgar Pl, City=Chicago, PhoneNum=212833872}
{Name=Lanny Frederick, Address=266 Mott Pl, City=Chicago, PhoneNum=212713935}
{Name=Lanny Landry, Address=418 Charlton Pl, City=Chicago, PhoneNum=212808168}
{Name=Lara Goodman, Address=451 Edgar Pl, City=Chicago, PhoneNum=212475507}
{Name=Latisha Howell, Address=597 Charlton Pl, City=Chicago, PhoneNum=212040813}
{Name=Laura Villarreal, Address=529 Monroe Pl, City=Chicago, PhoneNum=212805836}
{Name=Laurie Wilcox, Address=79 Pell Pl, City=Chicago, PhoneNum=212252196}
{Name=Laverne Hopkins, Address=324 Monroe Pl, City=Chicago, PhoneNum=212581309}
{Name=Lawson Mccormack, Address=31 Edgar Pl, City=Chicago, PhoneNum=212621656}
{Name=Lazaro Chen, Address=135 Jones Pl, City=Chicago, PhoneNum=212543622}
{Name=Leah Reed, Address=370 Battery Pl, City=Chicago, PhoneNum=212961714}
{Name=Leandro Lloyd, Address=469 Laight Pl, City=Chicago, PhoneNum=212271838}
{Name=Leandro Skinner, Address=22 Charlton Pl, City=Chicago, PhoneNum=212643451}
{Name=Leann Martin, Address=167 Laight Pl, City=Chicago, PhoneNum=212093988}
{Name=Lennox Gross, Address=432 Pell Pl, City=Chicago, PhoneNum=212432775}
{Name=Lenore Hull, Address=219 Charlton Pl, City=Chicago, PhoneNum=212217672}
{Name=Leon Griffith, Address=309 Charlton Pl, City=Chicago, PhoneNum=212539673}
{Name=Leonard Adams, Address=479 Laight Pl, City=Chicago, PhoneNum=212548009}
{Name=Leroy Higgins, Address=261 Pell Pl, City=Chicago, PhoneNum=212484091}
{Name=Les Ponce, Address=83 Pell Pl, City=Chicago, PhoneNum=212106594}
{Name=Lewis Mccarthy, Address=134 Edgar Pl, City=Chicago, PhoneNum=212060247}
{Name=Lidia Little, Address=465 Pell Pl, City=Chicago, PhoneNum=212478219}
{Name=Lila Clark, Address=592 Laight Pl, City=Chicago, PhoneNum=212379349}
{Name=Lila Kelly, Address=285 Charlton Pl, City=Chicago, PhoneNum=212433662}
{Name=Liliana Cannon, Address=552 Mott Pl, City=Chicago, PhoneNum=212765471}
{Name=Lillian Crawford, Address=28 Edgar Pl, City=Chicago, PhoneNum=212499332}
{Name=Lilly Barr, Address=175 Charlton Pl, City=Chicago, PhoneNum=212755981}
{Name=Lindsey Le, Address=529 Edgar Pl, City=Chicago, PhoneNum=212687917}
{Name=Lindsey Wise, Address=590 Jones Pl, City=Chicago, PhoneNum=212692985}
{Name=Linwood Summers, Address=29 Mott Pl, City=Chicago, PhoneNum=212685315}
{Name=Lizzie Friedman, Address=18 Edgar Pl, City=Chicago, PhoneNum=212206265}
{Name=Logan Park, Address=335 Edgar Pl, City=Chicago, PhoneNum=212961477}
{Name=Lois Walls, Address=562 Charlton Pl, City=Chicago, PhoneNum=212928218}
{Name=Lolita Harmon, Address=32 Edgar Pl, City=Chicago, PhoneNum=212476529}
{Name=Lonnie Daniels, Address=415 Charlton Pl, City=Chicago, PhoneNum=212822873}
{Name=Lonnie Olson, Address=227 Edgar Pl, City=Chicago, PhoneNum=212506899}
{Name=Lonny Robertson, Address=414 Laight Pl, City=Chicago, PhoneNum=212535288}
{Name=Lora Hebert, Address=309 Grove Pl, City=Chicago, PhoneNum=212571115}
{Name=Lora Schaefer, Address=106 Laight Pl, City=Chicago, PhoneNum=212041946}
{Name=Lorene Bartlett, Address=23 Grove Pl, City=Chicago, PhoneNum=212287408}
{Name=Loretta Petersen, Address=298 Edgar Pl, City=Chicago, PhoneNum=212412579}
{Name=Lori Dawson, Address=320 Monroe Pl, City=Chicago, PhoneNum=212051255}
{Name=Lorna Gibson, Address=515 Grove Pl, City=Chicago, PhoneNum=212798005}
{Name=Lorna Goodman, Address=127 Laight Pl, City=Chicago, PhoneNum=212490549}
{Name=Lorrie Lamb, Address=574 Battery Pl, City=Chicago, PhoneNum=212745648}
{Name=Lorrie Sanford, Address=371 Monroe Pl, City=Chicago, PhoneNum=212130438}
{Name=Lou Kidd, Address=136 Battery Pl, City=Chicago, PhoneNum=212595070}
{Name=Lou Malone, Address=40 Charlton Pl, City=Chicago, PhoneNum=212239516}
{Name=Louie Klein, Address=542 Grove Pl, City=Chicago, PhoneNum=212692330}
{Name=Louisa Bishop, Address=128 Pell Pl, City=Chicago, PhoneNum=212612889}
{Name=Loyd Nicholson, Address=470 Monroe Pl, City=Chicago, PhoneNum=212024992}
{Name=Luann Watkins, Address=592 Edgar Pl, City=Chicago, PhoneNum=212016856}
{Name=Lucas Boyle, Address=257 Mott Pl, City=Chicago, PhoneNum=212182058}
{Name=Lucille Rosario, Address=104 Grove Pl, City=Chicago, PhoneNum=212759950}
{Name=Lucius Cochran, Address=218 Battery Pl, City=Chicago, PhoneNum=212799591}
{Name=Luella Wilkinson, Address=384 Pell Pl, City=Chicago, PhoneNum=212722327}
{Name=Luisa Strong, Address=248 Charlton Pl, City=Chicago, PhoneNum=212441182}
{Name=Luke David, Address=423 Charlton Pl, City=Chicago, PhoneNum=212450300}
{Name=Lula Mooney, Address=337 Edgar Pl, City=Chicago, PhoneNum=212129102}
{Name=Lyle Horn, Address=193 Laight Pl, City=Chicago, PhoneNum=212577699}
{Name=Lynwood Wheeler, Address=89 Mott Pl, City=Chicago, PhoneNum=212294238}
{Name=Mable Hendrix, Address=57 Jones Pl, City=Chicago, PhoneNum=212429023}
{Name=Madeleine Skinner, Address=14 Monroe Pl, City=Chicago, PhoneNum=212886267}
{Name=Madelyn Schneider, Address=571 Edgar Pl, City=Chicago, PhoneNum=212562581}
{Name=Mae Gallegos, Address=511 Grove Pl, City=Chicago, PhoneNum=212647405}
{Name=Mae Richards, Address=321 Mott Pl, City=Chicago, PhoneNum=212002334}
{Name=Maggie Travis, Address=504 Grove Pl, City=Chicago, PhoneNum=212613802}
{Name=Maggie Wise, Address=190 Pell Pl, City=Chicago, PhoneNum=212715115}
{Name=Mahad Kearney, Address=314 Monroe Pl, City=Chicago, PhoneNum=212806443}
{Name=Mai Newman, Address=80 Grove Pl, City=Chicago, PhoneNum=212792713}
{Name=Mai York, Address=308 Laight Pl, City=Chicago, PhoneNum=212432157}
{Name=Maizie Small, Address=520 Edgar Pl, City=Chicago, PhoneNum=212140065}
{Name=Major Delgado, Address=127 Battery Pl, City=Chicago, PhoneNum=212943015}
{Name=Major Villa, Address=183 Mott Pl, City=Chicago, PhoneNum=212584809}
{Name=Malik Schmitt, Address=430 Battery Pl, City=Chicago, PhoneNum=212905139}
{Name=Mallory David, Address=222 Grove Pl, City=Chicago, PhoneNum=212069730}
{Name=Mallory Shields, Address=531 Jones Pl, City=Chicago, PhoneNum=212075906}
{Name=Manuel Farley, Address=210 Pell Pl, City=Chicago, PhoneNum=212592320}
{Name=Manuela Beard, Address=287 Grove Pl, City=Chicago, PhoneNum=212994390}
{Name=Manuela Stark, Address=496 Jones Pl, City=Chicago, PhoneNum=212812564}
{Name=Mara Rosario, Address=536 Pell Pl, City=Chicago, PhoneNum=212598974}
{Name=Marcelino Frost, Address=357 Monroe Pl, City=Chicago, PhoneNum=212255776}
{Name=Marcellus Sawyer, Address=462 Laight Pl, City=Chicago, PhoneNum=212873495}
{Name=Marcelo Garza, Address=162 Charlton Pl, City=Chicago, PhoneNum=212324533}
{Name=Marcy Bradley, Address=86 Jones Pl, City=Chicago, PhoneNum=212468045}
{Name=Marguerite Parker, Address=222 Charlton Pl, City=Chicago, PhoneNum=212987480}
{Name=Maria Hogan, Address=400 Mott Pl, City=Chicago, PhoneNum=212125906}
{Name=Marianne Todd, Address=77 Charlton Pl, City=Chicago, PhoneNum=212425735}
{Name=Mariano Bailey, Address=42 Mott Pl, City=Chicago, PhoneNum=212181949}
{Name=Maribel Kaufman, Address=543 Battery Pl, City=Chicago, PhoneNum=212201986}
{Name=Maricela Morales, Address=562 Grove Pl, City=Chicago, PhoneNum=212666942}
{Name=Marilyn Avila, Address=333 Laight Pl, City=Chicago, PhoneNum=212629168}
{Name=Mario Garza, Address=42 Edgar Pl, City=Chicago, PhoneNum=212366075}
{Name=Marisol Hahn, Address=326 Grove Pl, City=Chicago, PhoneNum=212420560}
{Name=Marjorie Buck, Address=111 Laight Pl, City=Chicago, PhoneNum=212162122}
{Name=Markus Wang, Address=219 Monroe Pl, City=Chicago, PhoneNum=212500071}
{Name=Marla Gomez, Address=354 Charlton Pl, City=Chicago, PhoneNum=212531586}
{Name=Marla Stevens, Address=50 Grove Pl, City=Chicago, PhoneNum=212030361}
{Name=Marlene Harrison, Address=120 Laight Pl, City=Chicago, PhoneNum=212668496}
{Name=Marlie Chester, Address=362 Jones Pl, City=Chicago, PhoneNum=212804513}
{Name=Marquis Schroeder, Address=424 Mott Pl, City=Chicago, PhoneNum=212384292}
{Name=Marta Tanner, Address=578 Jones Pl, City=Chicago, PhoneNum=212977062}
{Name=Martin Moreno, Address=46 Pell Pl, City=Chicago, PhoneNum=212940522}
{Name=Martina Barker, Address=315 Battery Pl, City=Chicago, PhoneNum=212828973}
{Name=Martina Pugh, Address=400 Laight Pl, City=Chicago, PhoneNum=212235523}
{Name=Marva Lynch, Address=465 Grove Pl, City=Chicago, PhoneNum=212532796}
{Name=Mary Floyd, Address=248 Pell Pl, City=Chicago, PhoneNum=212823556}
{Name=Maryellen Cabrera, Address=17 Grove Pl, City=Chicago, PhoneNum=212831227}
{Name=Marylou Rowland, Address=267 Monroe Pl, City=Chicago, PhoneNum=212060478}
{Name=Matt Calderon, Address=153 Laight Pl, City=Chicago, PhoneNum=212974080}
{Name=Matthew Crawford, Address=460 Mott Pl, City=Chicago, PhoneNum=212386296}
{Name=Matthew Hogan, Address=250 Charlton Pl, City=Chicago, PhoneNum=212109449}
{Name=May Meadows, Address=452 Grove Pl, City=Chicago, PhoneNum=212695169}
{Name=Meagan Romero, Address=16 Pell Pl, City=Chicago, PhoneNum=212747907}
{Name=Megan Franklin, Address=514 Jones Pl, City=Chicago, PhoneNum=212717959}
{Name=Meghan Shaffer, Address=427 Grove Pl, City=Chicago, PhoneNum=212451446}
{Name=Meghan Thomas, Address=237 Pell Pl, City=Chicago, PhoneNum=212092838}
{Name=Melinda Chaney, Address=472 Edgar Pl, City=Chicago, PhoneNum=212537031}
{Name=Melinda Figueroa, Address=40 Monroe Pl, City=Chicago, PhoneNum=212330947}
{Name=Melisa Bird, Address=511 Mott Pl, City=Chicago, PhoneNum=212620654}
{Name=Melisa Cooper, Address=367 Edgar Pl, City=Chicago, PhoneNum=212163290}
{Name=Mia Leigh, Address=334 Battery Pl, City=Chicago, PhoneNum=212486808}
{Name=Michael Mullen, Address=160 Grove Pl, City=Chicago, PhoneNum=212546301}
{Name=Michal Bean, Address=57 Battery Pl, City=Chicago, PhoneNum=212744978}
{Name=Michal Brown, Address=349 Mott Pl, City=Chicago, PhoneNum=212960859}
{Name=Michel Becker, Address=77 Battery Pl, City=Chicago, PhoneNum=212947452}
{Name=Mikayla Bannister, Address=261 Mott Pl, City=Chicago, PhoneNum=212947624}
{Name=Miles Ruiz, Address=376 Charlton Pl, City=Chicago, PhoneNum=212647243}
{Name=Millard Logan, Address=335 Mott Pl, City=Chicago, PhoneNum=212058520}
{Name=Millicent Mata, Address=432 Battery Pl, City=Chicago, PhoneNum=212553582}
{Name=Milton Fletcher, Address=260 Pell Pl, City=Chicago, PhoneNum=212686565}
{Name=Milton Marquez, Address=305 Jones Pl, City=Chicago, PhoneNum=212098310}
{Name=Minh Perkins, Address=145 Charlton Pl, City=Chicago, PhoneNum=212805598}
{Name=Miriam Hutchinson, Address=54 Mott Pl, City=Chicago, PhoneNum=212764767}
{Name=Mischa Odom, Address=176 Jones Pl, City=Chicago, PhoneNum=212299001}
{Name=Mitch Huffman, Address=130 Mott Pl, City=Chicago, PhoneNum=212383296}
{Name=Modesto Barton, Address=553 Charlton Pl, City=Chicago, PhoneNum=212609242}
{Name=Mona Rollins, Address=335 Pell Pl, City=Chicago, PhoneNum=212060504}
{Name=Montague Carver, Address=242 Mott Pl, City=Chicago, PhoneNum=212547257}
{Name=Moses House, Address=317 Battery Pl, City=Chicago, PhoneNum=212551404}
{Name=Muriel Gutierrez, Address=317 Laight Pl, City=Chicago, PhoneNum=212928469}
{Name=Myrna Padilla, Address=409 Grove Pl, City=Chicago, PhoneNum=212305675}
{Name=Myrna Sullivan, Address=235 Battery Pl, City=Chicago, PhoneNum=212273623}
{Name=Myrtle Chambers, Address=572 Grove Pl, City=Chicago, PhoneNum=212492726}
{Name=Myrtle Love, Address=189 Grove Pl, City=Chicago, PhoneNum=212147407}
{Name=Nadia Adams, Address=413 Pell Pl, City=Chicago, PhoneNum=212958437}
{Name=Naeem Corbett, Address=159 Edgar Pl, City=Chicago, PhoneNum=212026126}
{Name=Nannie Dunlap, Address=417 Battery Pl, City=Chicago, PhoneNum=212672712}
{Name=Naomi Carr, Address=60 Battery Pl, City=Chicago, PhoneNum=212210151}
{Name=Natasha Cherry, Address=427 Edgar Pl, City=Chicago, PhoneNum=212514265}
{Name=Nathan Parrish, Address=33 Mott Pl, City=Chicago, PhoneNum=212833217}
{Name=Nathan Stephens, Address=56 Jones Pl, City=Chicago, PhoneNum=212171936}
{Name=Nazifa Hirst, Address=329 Laight Pl, City=Chicago, PhoneNum=212492497}
{Name=Ned Hodge, Address=352 Edgar Pl, City=Chicago, PhoneNum=212137941}
{Name=Neil Washington, Address=431 Laight Pl, City=Chicago, PhoneNum=212399025}
{Name=Nell Warner, Address=3 Pell Pl, City=Chicago, PhoneNum=212113448}
{Name=Neva Martinez, Address=593 Edgar Pl, City=Chicago, PhoneNum=212201757}
{Name=Nickolas Rivas, Address=573 Mott Pl, City=Chicago, PhoneNum=212374262}
{Name=Nicky Holden, Address=405 Jones Pl, City=Chicago, PhoneNum=212465498}
{Name=Nicolas Robertson, Address=220 Charlton Pl, City=Chicago, PhoneNum=212189987}
{Name=Nikki Guerrero, Address=555 Edgar Pl, City=Chicago, PhoneNum=212541210}
{Name=Noah Wall, Address=499 Monroe Pl, City=Chicago, PhoneNum=212894324}
{Name=Noelle Cardenas, Address=437 Mott Pl, City=Chicago, PhoneNum=212036410}
{Name=Noemi Forbes, Address=223 Jones Pl, City=Chicago, PhoneNum=212700455}
{Name=Nona Rollins, Address=49 Mott Pl, City=Chicago, PhoneNum=212503223}
{Name=Noreen Chung, Address=507 Jones Pl, City=Chicago, PhoneNum=212074177}
{Name=Noreen Santana, Address=62 Charlton Pl, City=Chicago, PhoneNum=212506942}
{Name=Normand Hatfield, Address=207 Edgar Pl, City=Chicago, PhoneNum=212279708}
{Name=Nyla Wilkes, Address=371 Jones Pl, City=Chicago, PhoneNum=212213181}
{Name=Octavio Carney, Address=374 Jones Pl, City=Chicago, PhoneNum=212028868}
{Name=Olen Potter, Address=373 Edgar Pl, City=Chicago, PhoneNum=212063008}
{Name=Olive Mata, Address=442 Jones Pl, City=Chicago, PhoneNum=212964817}
{Name=Ora Luna, Address=215 Laight Pl, City=Chicago, PhoneNum=212054192}
{Name=Otha Morton, Address=245 Battery Pl, City=Chicago, PhoneNum=212689503}
{Name=Otto Compton, Address=527 Jones Pl, City=Chicago, PhoneNum=212010771}
{Name=Pablo Bates, Address=569 Battery Pl, City=Chicago, PhoneNum=212945286}
{Name=Paige Berry, Address=139 Jones Pl, City=Chicago, PhoneNum=212517797}
{Name=Palmer Krause, Address=87 Mott Pl, City=Chicago, PhoneNum=212635248}
{Name=Pam Rowland, Address=142 Monroe Pl, City=Chicago, PhoneNum=212793275}
{Name=Pamela Cobb, Address=143 Pell Pl, City=Chicago, PhoneNum=212840731}
{Name=Pansy Young, Address=454 Grove Pl, City=Chicago, PhoneNum=212357127}
{Name=Paris Briggs, Address=210 Grove Pl, City=Chicago, PhoneNum=212275394}
{Name=Patrice Pena, Address=226 Charlton Pl, City=Chicago, PhoneNum=212724260}
{Name=Patricia Rojas, Address=366 Pell Pl, City=Chicago, PhoneNum=212692328}
{Name=Patty Blair, Address=106 Jones Pl, City=Chicago, PhoneNum=212702494}
{Name=Patty Levy, Address=389 Charlton Pl, City=Chicago, PhoneNum=212419588}
{Name=Pauline Cuevas, Address=47 Charlton Pl, City=Chicago, PhoneNum=212332931}
{Name=Pauline Poole, Address=40 Mott Pl, City=Chicago, PhoneNum=212743981}
{Name=Pearl Huffman, Address=163 Grove Pl, City=Chicago, PhoneNum=212884567}
{Name=Pearlie Nielsen, Address=152 Jones Pl, City=Chicago, PhoneNum=212402988}
{Name=Pearlie Washington, Address=103 Grove Pl, City=Chicago, PhoneNum=212589237}
{Name=Percy Bailey, Address=20 Monroe Pl, City=Chicago, PhoneNum=212723714}
{Name=Perry Macias, Address=562 Monroe Pl, City=Chicago, PhoneNum=212824146}
{Name=Pete Gilmore, Address=481 Mott Pl, City=Chicago, PhoneNum=212126772}
{Name=Pete Valentine, Address=30 Monroe Pl, City=Chicago, PhoneNum=212125588}
{Name=Petra Mercado, Address=132 Pell Pl, City=Chicago, PhoneNum=212392890}
{Name=Petra Sanders, Address=185 Grove Pl, City=Chicago, PhoneNum=212330187}
{Name=Pheobe Anderson, Address=262 Charlton Pl, City=Chicago, PhoneNum=212155842}
{Name=Philip Mckee, Address=65 Battery Pl, City=Chicago, PhoneNum=212037308}
{Name=Pierre Jefferson, Address=347 Charlton Pl, City=Chicago, PhoneNum=212063494}
{Name=Porfirio Edwards, Address=299 Pell Pl, City=Chicago, PhoneNum=212148372}
{Name=Priscilla Sawyer, Address=81 Monroe Pl, City=Chicago, PhoneNum=212497883}
{Name=Quintin Alvarado, Address=130 Jones Pl, City=Chicago, PhoneNum=212237703}
{Name=Rae Burton, Address=263 Laight Pl, City=Chicago, PhoneNum=212267290}
{Name=Rae Byrd, Address=444 Mott Pl, City=Chicago, PhoneNum=212304771}
{Name=Rae Rush, Address=207 Charlton Pl, City=Chicago, PhoneNum=212539301}
{Name=Rafael Martin, Address=111 Pell Pl, City=Chicago, PhoneNum=212237392}
{Name=Ramona Kidd, Address=433 Edgar Pl, City=Chicago, PhoneNum=212830480}
{Name=Randell Shelton, Address=121 Laight Pl, City=Chicago, PhoneNum=212878396}
{Name=Randi Richardson, Address=404 Pell Pl, City=Chicago, PhoneNum=212219805}
{Name=Randolph Robinson, Address=76 Jones Pl, City=Chicago, PhoneNum=212783382}
{Name=Ray Wolf, Address=214 Grove Pl, City=Chicago, PhoneNum=212621890}
{Name=Raymon Tapia, Address=574 Edgar Pl, City=Chicago, PhoneNum=212960493}
{Name=Rebecca Petty, Address=439 Jones Pl, City=Chicago, PhoneNum=212885883}
{Name=Rebekah Jarvis, Address=414 Monroe Pl, City=Chicago, PhoneNum=212320771}
{Name=Refugio Lewis, Address=124 Edgar Pl, City=Chicago, PhoneNum=212729226}
{Name=Reggie Mueller, Address=15 Monroe Pl, City=Chicago, PhoneNum=212792133}
{Name=Reginald Carlson, Address=600 Monroe Pl, City=Chicago, PhoneNum=212766406}
{Name=Renaldo Drake, Address=236 Charlton Pl, City=Chicago, PhoneNum=212648048}
{Name=Renato Meadows, Address=339 Monroe Pl, City=Chicago, PhoneNum=212767853}
{Name=Rey Watkins, Address=196 Mott Pl, City=Chicago, PhoneNum=212529223}
{Name=Rhett Mayer, Address=246 Laight Pl, City=Chicago, PhoneNum=212341752}
{Name=Rhoda Quinn, Address=321 Laight Pl, City=Chicago, PhoneNum=212014148}
{Name=Rhoda Shelton, Address=213 Monroe Pl, City=Chicago, PhoneNum=212483465}
{Name=Rich Wood, Address=2 Laight Pl, City=Chicago, PhoneNum=212540260}
{Name=Richard Kim, Address=562 Mott Pl, City=Chicago, PhoneNum=212290831}
{Name=Richie Cunningham, Address=140 Grove Pl, City=Chicago, PhoneNum=212146303}
{Name=Riley Bean, Address=210 Battery Pl, City=Chicago, PhoneNum=212957207}
{Name=Rita Dunn, Address=20 Mott Pl, City=Chicago, PhoneNum=212728518}
{Name=Robby Ali, Address=338 Charlton Pl, City=Chicago, PhoneNum=212263368}
{Name=Robt Everett, Address=15 Laight Pl, City=Chicago, PhoneNum=212954989}
{Name=Robt Orr, Address=574 Laight Pl, City=Chicago, PhoneNum=212679623}
{Name=Rochelle Medina, Address=503 Edgar Pl, City=Chicago, PhoneNum=212392562}
{Name=Rochelle Nicholson, Address=394 Mott Pl, City=Chicago, PhoneNum=212026582}
{Name=Rocky Spence, Address=474 Grove Pl, City=Chicago, PhoneNum=212594379}
{Name=Roderick Massey, Address=115 Jones Pl, City=Chicago, PhoneNum=212753833}
{Name=Rodger Byrd, Address=648 Jones Pl, City=Chicago, PhoneNum=212734330}
{Name=Rodolfo Johns, Address=103 Charlton Pl, City=Chicago, PhoneNum=212795576}
{Name=Roger Dorsey, Address=158 Battery Pl, City=Chicago, PhoneNum=212339294}
{Name=Roger Snyder, Address=27 Jones Pl, City=Chicago, PhoneNum=212097167}
{Name=Rolando Stafford, Address=420 Mott Pl, City=Chicago, PhoneNum=212397724}
{Name=Roma Drew, Address=497 Mott Pl, City=Chicago, PhoneNum=212590271}
{Name=Roman Wiley, Address=535 Edgar Pl, City=Chicago, PhoneNum=212196616}
{Name=Ron Wolf, Address=529 Jones Pl, City=Chicago, PhoneNum=212779699}
{Name=Ronald Stanton, Address=91 Jones Pl, City=Chicago, PhoneNum=212907728}
{Name=Rory Cervantes, Address=1 Pell Pl, City=Chicago, PhoneNum=212361161}
{Name=Rory Rosario, Address=373 Charlton Pl, City=Chicago, PhoneNum=212127476}
{Name=Rosa Mathis, Address=465 Mott Pl, City=Chicago, PhoneNum=212724406}
{Name=Rosalie Nunez, Address=565 Monroe Pl, City=Chicago, PhoneNum=212280673}
{Name=Rosanne Walter, Address=545 Battery Pl, City=Chicago, PhoneNum=212402422}
{Name=Rosario Hampton, Address=299 Jones Pl, City=Chicago, PhoneNum=212290287}
{Name=Roseann Wright, Address=269 Pell Pl, City=Chicago, PhoneNum=212505636}
{Name=Roseanne Bean, Address=343 Jones Pl, City=Chicago, PhoneNum=212452939}
{Name=Rosie Archer, Address=33 Grove Pl, City=Chicago, PhoneNum=212613114}
{Name=Rosie Nielsen, Address=375 Mott Pl, City=Chicago, PhoneNum=212108298}
{Name=Ross Huber, Address=471 Laight Pl, City=Chicago, PhoneNum=212497486}
{Name=Rowena Ray, Address=41 Battery Pl, City=Chicago, PhoneNum=212805592}
{Name=Roxanne Klein, Address=410 Mott Pl, City=Chicago, PhoneNum=212019324}
{Name=Royce Rios, Address=92 Battery Pl, City=Chicago, PhoneNum=212246800}
{Name=Rubin Everett, Address=37 Monroe Pl, City=Chicago, PhoneNum=212037206}
{Name=Ruby Patrick, Address=194 Battery Pl, City=Chicago, PhoneNum=212041114}
{Name=Rudolf Becker, Address=414 Mott Pl, City=Chicago, PhoneNum=212194841}
{Name=Rudolf Perry, Address=26 Grove Pl, City=Chicago, PhoneNum=212539676}
{Name=Rudy Doyle, Address=137 Laight Pl, City=Chicago, PhoneNum=212044113}
{Name=Rueben Beasley, Address=101 Grove Pl, City=Chicago, PhoneNum=212372755}
{Name=Russ Lutz, Address=39 Battery Pl, City=Chicago, PhoneNum=212171928}
{Name=Rusty Frank, Address=116 Pell Pl, City=Chicago, PhoneNum=212743500}
{Name=Ruthie Jenkins, Address=73 Edgar Pl, City=Chicago, PhoneNum=212848827}
{Name=Sadie Dodson, Address=416 Grove Pl, City=Chicago, PhoneNum=212587661}
{Name=Sadie Lozano, Address=494 Pell Pl, City=Chicago, PhoneNum=212659102}
{Name=Sadie Quinn, Address=163 Jones Pl, City=Chicago, PhoneNum=212642657}
{Name=Sal Conway, Address=513 Grove Pl, City=Chicago, PhoneNum=212221899}
{Name=Sal Costa, Address=85 Battery Pl, City=Chicago, PhoneNum=212949456}
{Name=Sally Lopez, Address=93 Grove Pl, City=Chicago, PhoneNum=212221572}
{Name=Salvatore Robertson, Address=445 Grove Pl, City=Chicago, PhoneNum=212540854}
{Name=Salvatore Shea, Address=124 Jones Pl, City=Chicago, PhoneNum=212654151}
{Name=Sam Martinez, Address=545 Charlton Pl, City=Chicago, PhoneNum=212315447}
{Name=Sam Wilkerson, Address=482 Monroe Pl, City=Chicago, PhoneNum=212471481}
{Name=Samuel Gilmore, Address=551 Charlton Pl, City=Chicago, PhoneNum=212246609}
{Name=Santiago Aguilar, Address=147 Grove Pl, City=Chicago, PhoneNum=212242083}
{Name=Santiago Thomas, Address=136 Pell Pl, City=Chicago, PhoneNum=212015323}
{Name=Santos Knox, Address=391 Charlton Pl, City=Chicago, PhoneNum=212424151}
{Name=Sara Hernandez, Address=291 Monroe Pl, City=Chicago, PhoneNum=212127650}
{Name=Saundra Michael, Address=218 Mott Pl, City=Chicago, PhoneNum=212254663}
{Name=Savannah Baldwin, Address=215 Mott Pl, City=Chicago, PhoneNum=212992561}
{Name=Savannah Christian, Address=554 Jones Pl, City=Chicago, PhoneNum=212258174}
{Name=Scotty Smith, Address=54 Edgar Pl, City=Chicago, PhoneNum=212311778}
{Name=Shana Snyder, Address=218 Laight Pl, City=Chicago, PhoneNum=212529755}
{Name=Shanna Rich, Address=493 Edgar Pl, City=Chicago, PhoneNum=212180025}
{Name=Sharon Glass, Address=245 Mott Pl, City=Chicago, PhoneNum=212881316}
{Name=Sharron Burns, Address=59 Grove Pl, City=Chicago, PhoneNum=212248499}
{Name=Shaun Yoder, Address=479 Pell Pl, City=Chicago, PhoneNum=212977504}
{Name=Shauna Cook, Address=282 Battery Pl, City=Chicago, PhoneNum=212713172}
{Name=Shayne Vaughan, Address=250 Battery Pl, City=Chicago, PhoneNum=212938568}
{Name=Sheila Gillespie, Address=500 Battery Pl, City=Chicago, PhoneNum=212184003}
{Name=Shelby Burnett, Address=490 Charlton Pl, City=Chicago, PhoneNum=212629368}
{Name=Shelia Mclean, Address=483 Pell Pl, City=Chicago, PhoneNum=212007183}
{Name=Shelia Reilly, Address=5 Jones Pl, City=Chicago, PhoneNum=212266377}
{Name=Shelley Cherry, Address=22 Jones Pl, City=Chicago, PhoneNum=212389301}
{Name=Shelly Good, Address=546 Pell Pl, City=Chicago, PhoneNum=212591316}
{Name=Shelton Arias, Address=482 Laight Pl, City=Chicago, PhoneNum=212627660}
{Name=Shelton Vega, Address=343 Edgar Pl, City=Chicago, PhoneNum=212735364}
{Name=Sheree Little, Address=164 Mott Pl, City=Chicago, PhoneNum=212701364}
{Name=Sheri Daniels, Address=591 Charlton Pl, City=Chicago, PhoneNum=212309783}
{Name=Sherman Petersen, Address=51 Pell Pl, City=Chicago, PhoneNum=212122430}
{Name=Sherri Carr, Address=294 Charlton Pl, City=Chicago, PhoneNum=212660436}
{Name=Sherry Lewis, Address=161 Monroe Pl, City=Chicago, PhoneNum=212744139}
{Name=Sherry Mathews, Address=527 Grove Pl, City=Chicago, PhoneNum=212845999}
{Name=Sherwood Willis, Address=558 Mott Pl, City=Chicago, PhoneNum=212784553}
{Name=Silas Stephenson, Address=45 Charlton Pl, City=Chicago, PhoneNum=212284408}
{Name=Socorro Hayes, Address=323 Monroe Pl, City=Chicago, PhoneNum=212425875}
{Name=Socorro Hendricks, Address=411 Pell Pl, City=Chicago, PhoneNum=212142315}
{Name=Sofia Bain, Address=394 Pell Pl, City=Chicago, PhoneNum=212374327}
{Name=Solomon Bradshaw, Address=519 Battery Pl, City=Chicago, PhoneNum=212470108}
{Name=Sonny Humphrey, Address=513 Laight Pl, City=Chicago, PhoneNum=212684345}
{Name=Sonny Lowery, Address=410 Laight Pl, City=Chicago, PhoneNum=212461823}
{Name=Sonya Camacho, Address=428 Laight Pl, City=Chicago, PhoneNum=212113400}
{Name=Sonya Edwards, Address=220 Grove Pl, City=Chicago, PhoneNum=212302892}
{Name=Sophia Schroeder, Address=219 Laight Pl, City=Chicago, PhoneNum=212385512}
{Name=Spencer Quinn, Address=122 Jones Pl, City=Chicago, PhoneNum=212089003}
{Name=Stacey Calhoun, Address=470 Laight Pl, City=Chicago, PhoneNum=212180713}
{Name=Stacie Cohen, Address=324 Grove Pl, City=Chicago, PhoneNum=212459371}
{Name=Stacy Becker, Address=136 Edgar Pl, City=Chicago, PhoneNum=212862470}
{Name=Stan Weiss, Address=547 Edgar Pl, City=Chicago, PhoneNum=212417429}
{Name=Stanton Dennis, Address=293 Monroe Pl, City=Chicago, PhoneNum=212052310}
{Name=Stanton Lee, Address=163 Mott Pl, City=Chicago, PhoneNum=212035146}
{Name=Stanton Potts, Address=578 Grove Pl, City=Chicago, PhoneNum=212083808}
{Name=Stella Newton, Address=380 Edgar Pl, City=Chicago, PhoneNum=212047913}
{Name=Stella Warren, Address=463 Laight Pl, City=Chicago, PhoneNum=212921489}
{Name=Stephan Compton, Address=231 Battery Pl, City=Chicago, PhoneNum=212515582}
{Name=Stephanie Douglas, Address=556 Monroe Pl, City=Chicago, PhoneNum=212003452}
{Name=Sterling Rhodes, Address=455 Battery Pl, City=Chicago, PhoneNum=212735147}
{Name=Steve Lynch, Address=415 Mott Pl, City=Chicago, PhoneNum=212639036}
{Name=Stewart Chambers, Address=526 Pell Pl, City=Chicago, PhoneNum=212835457}
{Name=Stuart Shepard, Address=294 Mott Pl, City=Chicago, PhoneNum=212096462}
{Name=Sung Atkinson, Address=16 Monroe Pl, City=Chicago, PhoneNum=212094163}
{Name=Sung Guzman, Address=146 Laight Pl, City=Chicago, PhoneNum=212134308}
{Name=Susan Douglas, Address=41 Charlton Pl, City=Chicago, PhoneNum=212482337}
{Name=Susanne Edwards, Address=435 Laight Pl, City=Chicago, PhoneNum=212081250}
{Name=Suzanne Casey, Address=138 Battery Pl, City=Chicago, PhoneNum=212412358}
{Name=Suzette Carter, Address=334 Laight Pl, City=Chicago, PhoneNum=212832667}
{Name=Suzette Morris, Address=58 Charlton Pl, City=Chicago, PhoneNum=212811591}
{Name=Sylvester Thomas, Address=387 Edgar Pl, City=Chicago, PhoneNum=212946502}
{Name=Sylvia Montoya, Address=269 Monroe Pl, City=Chicago, PhoneNum=212025338}
{Name=Tabitha Flynn, Address=69 Laight Pl, City=Chicago, PhoneNum=212047149}
{Name=Tad Deleon, Address=196 Battery Pl, City=Chicago, PhoneNum=212809997}
{Name=Tamara Bush, Address=167 Edgar Pl, City=Chicago, PhoneNum=212028081}
{Name=Tameka Mcfarland, Address=294 Monroe Pl, City=Chicago, PhoneNum=212031277}
{Name=Tami Craig, Address=375 Laight Pl, City=Chicago, PhoneNum=212072571}
{Name=Tammi Cole, Address=28 Laight Pl, City=Chicago, PhoneNum=212736323}
{Name=Tammie Lam, Address=555 Mott Pl, City=Chicago, PhoneNum=212791543}
{Name=Tania Fitzgerald, Address=1 Mott Pl, City=Chicago, PhoneNum=212769325}
{Name=Tania Saunders, Address=186 Charlton Pl, City=Chicago, PhoneNum=212344761}
{Name=Tanya Thornton, Address=177 Charlton Pl, City=Chicago, PhoneNum=212660409}
{Name=Tara Mercado, Address=378 Battery Pl, City=Chicago, PhoneNum=212616816}
{Name=Taylor Oconnell, Address=329 Edgar Pl, City=Chicago, PhoneNum=212926476}
{Name=Ted Hardin, Address=112 Monroe Pl, City=Chicago, PhoneNum=212149232}
{Name=Teodoro Gilbert, Address=53 Laight Pl, City=Chicago, PhoneNum=212508707}
{Name=Terra Mata, Address=353 Grove Pl, City=Chicago, PhoneNum=212987517}
{Name=Terry Martin, Address=35 Monroe Pl, City=Chicago, PhoneNum=212075657}
{Name=Terry Turner, Address=83 Monroe Pl, City=Chicago, PhoneNum=212238228}
{Name=Thanh Mckenzie, Address=21 Monroe Pl, City=Chicago, PhoneNum=212304452}
{Name=Theo Padilla, Address=198 Monroe Pl, City=Chicago, PhoneNum=212280468}
{Name=Theresa Heath, Address=510 Grove Pl, City=Chicago, PhoneNum=212262121}
{Name=Theresa Thompson, Address=390 Edgar Pl, City=Chicago, PhoneNum=212352442}
{Name=Thurman Woodard, Address=197 Mott Pl, City=Chicago, PhoneNum=212921988}
{Name=Tiffany Carpenter, Address=344 Battery Pl, City=Chicago, PhoneNum=212519947}
{Name=Timothy Roman, Address=559 Charlton Pl, City=Chicago, PhoneNum=212201197}
{Name=Tina Horn, Address=233 Mott Pl, City=Chicago, PhoneNum=212302367}
{Name=Toby Lane, Address=598 Edgar Pl, City=Chicago, PhoneNum=212608829}
{Name=Tod Howard, Address=244 Mott Pl, City=Chicago, PhoneNum=212488592}
{Name=Tomas Evans, Address=73 Grove Pl, City=Chicago, PhoneNum=212297106}
{Name=Toni Monroe, Address=395 Pell Pl, City=Chicago, PhoneNum=212224218}
{Name=Tory Blackburn, Address=154 Laight Pl, City=Chicago, PhoneNum=212112524}
{Name=Tracie Francis, Address=246 Edgar Pl, City=Chicago, PhoneNum=212607617}
{Name=Travis Marquez, Address=454 Charlton Pl, City=Chicago, PhoneNum=212690421}
{Name=Trina Acosta, Address=539 Charlton Pl, City=Chicago, PhoneNum=212379963}
{Name=Trisha Bruce, Address=278 Charlton Pl, City=Chicago, PhoneNum=212227509}
{Name=Trisha Tucker, Address=118 Jones Pl, City=Chicago, PhoneNum=212142578}
{Name=Trisha Vargas, Address=189 Charlton Pl, City=Chicago, PhoneNum=212436429}
{Name=Troy Merritt, Address=460 Edgar Pl, City=Chicago, PhoneNum=212633639}
{Name=Twila Lawrence, Address=18 Pell Pl, City=Chicago, PhoneNum=212464430}
{Name=Tyra Norman, Address=229 Monroe Pl, City=Chicago, PhoneNum=212775580}
{Name=Tyree Giles, Address=411 Jones Pl, City=Chicago, PhoneNum=212151197}
{Name=Tyron Crawford, Address=509 Battery Pl, City=Chicago, PhoneNum=212448272}
{Name=Tyron Peters, Address=527 Mott Pl, City=Chicago, PhoneNum=212798622}
{Name=Valarie Rubio, Address=98 Mott Pl, City=Chicago, PhoneNum=212485522}
{Name=Valentine Melton, Address=34 Jones Pl, City=Chicago, PhoneNum=212638576}
{Name=Valeria Calhoun, Address=111 Mott Pl, City=Chicago, PhoneNum=212611683}
{Name=Valeria Keith, Address=457 Edgar Pl, City=Chicago, PhoneNum=212263992}
{Name=Valerie Lloyd, Address=61 Laight Pl, City=Chicago, PhoneNum=212159543}
{Name=Valerie Wang, Address=699 Laight Pl, City=Chicago, PhoneNum=212650892}
{Name=Vance Golden, Address=115 Charlton Pl, City=Chicago, PhoneNum=212273834}
{Name=Vance Tyler, Address=169 Battery Pl, City=Chicago, PhoneNum=212148005}
{Name=Vaughn Hale, Address=301 Grove Pl, City=Chicago, PhoneNum=212127369}
{Name=Vera Sutton, Address=182 Grove Pl, City=Chicago, PhoneNum=212105927}
{Name=Vern Osborne, Address=304 Monroe Pl, City=Chicago, PhoneNum=212676870}
{Name=Vernon Bright, Address=507 Grove Pl, City=Chicago, PhoneNum=212352673}
{Name=Vernon Pham, Address=89 Charlton Pl, City=Chicago, PhoneNum=212583580}
{Name=Veronica Kidd, Address=181 Pell Pl, City=Chicago, PhoneNum=212329046}
{Name=Vicente Palmer, Address=157 Mott Pl, City=Chicago, PhoneNum=212309645}
{Name=Vicki Hodges, Address=118 Charlton Pl, City=Chicago, PhoneNum=212330751}
{Name=Vicki Knight, Address=246 Jones Pl, City=Chicago, PhoneNum=212484517}
{Name=Vince Oliver, Address=481 Pell Pl, City=Chicago, PhoneNum=212089338}
{Name=Vincent Holmes, Address=282 Pell Pl, City=Chicago, PhoneNum=212356257}
{Name=Virgie Barrett, Address=194 Grove Pl, City=Chicago, PhoneNum=212415252}
{Name=Virgie Bush, Address=220 Pell Pl, City=Chicago, PhoneNum=212997396}
{Name=Virgilio Miranda, Address=162 Monroe Pl, City=Chicago, PhoneNum=212769995}
{Name=Vito Dunn, Address=579 Monroe Pl, City=Chicago, PhoneNum=212123673}
{Name=Vonda Sloan, Address=382 Laight Pl, City=Chicago, PhoneNum=212540821}
{Name=Wade Buck, Address=527 Laight Pl, City=Chicago, PhoneNum=212001655}
{Name=Wally Kline, Address=129 Grove Pl, City=Chicago, PhoneNum=212784307}
{Name=Wally Todd, Address=58 Battery Pl, City=Chicago, PhoneNum=212896129}
{Name=Wanda Sexton, Address=65 Grove Pl, City=Chicago, PhoneNum=212441004}
{Name=Ward Christian, Address=407 Pell Pl, City=Chicago, PhoneNum=212572838}
{Name=Ward Rubio, Address=117 Laight Pl, City=Chicago, PhoneNum=212252557}
{Name=Waylon Vance, Address=431 Battery Pl, City=Chicago, PhoneNum=212518566}
{Name=Wes Mahoney, Address=243 Jones Pl, City=Chicago, PhoneNum=212597424}
{Name=Wes West, Address=452 Monroe Pl, City=Chicago, PhoneNum=212628828}
{Name=Whitney Franco, Address=382 Edgar Pl, City=Chicago, PhoneNum=212966610}
{Name=Wilburn Davies, Address=140 Edgar Pl, City=Chicago, PhoneNum=212206603}
{Name=Wilburn Krause, Address=525 Pell Pl, City=Chicago, PhoneNum=212205463}
{Name=Wilford Gray, Address=174 Grove Pl, City=Chicago, PhoneNum=212436780}
{Name=Wilford Huffman, Address=291 Grove Pl, City=Chicago, PhoneNum=212942124}
{Name=Wilfred Mccormick, Address=434 Pell Pl, City=Chicago, PhoneNum=212565353}
{Name=Wilfredo Leonard, Address=542 Laight Pl, City=Chicago, PhoneNum=212308198}
{Name=Willard Howard, Address=33 Monroe Pl, City=Chicago, PhoneNum=212565005}
{Name=Willard Tanner, Address=493 Grove Pl, City=Chicago, PhoneNum=212668084}
{Name=William Fields, Address=191 Pell Pl, City=Chicago, PhoneNum=212715248}
{Name=William Harrison, Address=400 Jones Pl, City=Chicago, PhoneNum=212515534}
{Name=Williams Good, Address=571 Jones Pl, City=Chicago, PhoneNum=212210342}
{Name=Wilmer Spears, Address=569 Mott Pl, City=Chicago, PhoneNum=212634815}
{Name=Wilson Price, Address=130 Grove Pl, City=Chicago, PhoneNum=212137582}
{Name=Wilton Kerr, Address=204 Mott Pl, City=Chicago, PhoneNum=212885389}
{Name=Winfred Beck, Address=14 Pell Pl, City=Chicago, PhoneNum=212398391}
{Name=Winifred Farrell, Address=452 Pell Pl, City=Chicago, PhoneNum=212305745}
{Name=Winnie Delacruz, Address=557 Pell Pl, City=Chicago, PhoneNum=212499876}
{Name=Yesenia Ashley, Address=600 Edgar Pl, City=Chicago, PhoneNum=212168613}
{Name=Yolanda Ryan, Address=303 Mott Pl, City=Chicago, PhoneNum=212739050}
{Name=Young Warner, Address=38 Grove Pl, City=Chicago, PhoneNum=212136891}
{Name=Yvette Jones, Address=131 Grove Pl, City=Chicago, PhoneNum=212900672}
{Name=Zachary Knapp, Address=445 Pell Pl, City=Chicago, PhoneNum=212802498}
{Name=Zachary Ware, Address=434 Edgar Pl, City=Chicago, PhoneNum=212950927}
{Name=Zackary Bennett, Address=328 Grove Pl, City=Chicago, PhoneNum=212385975}
{Name=Zane Erickson, Address=286 Monroe Pl, City=Chicago, PhoneNum=212033751}
{Name=Zelma Munoz, Address=566 Charlton Pl, City=Chicago, PhoneNum=212957248}
