﻿{Name=Aaron Savage, Address=17 Sullivan Ave, City=Austin, PhoneNum=212630429}
{Name=Abdallah Donaldson, Address=80 King Ave, City=Austin, PhoneNum=212821690}
{Name=Ada Daniels, Address=312 Sullivan Ave, City=Austin, PhoneNum=212446586}
{Name=Ada Ward, Address=207 Eldridge Ave, City=Austin, PhoneNum=212662874}
{Name=Adan Sawyer, Address=298 White Ave, City=Austin, PhoneNum=212629987}
{Name=Adele Best, Address=405 Baxter Ave, City=Austin, PhoneNum=212813493}
{Name=Adolfo Whitaker, Address=328 Eldridge Ave, City=Austin, PhoneNum=212183032}
{Name=Adriana Marsh, Address=382 Elizabeth Ave, City=Austin, PhoneNum=212566789}
{Name=Agustin Levine, Address=308 Broome Ave, City=Austin, PhoneNum=212786919}
{Name=Ahmed Dougherty, Address=218 Eldridge Ave, City=Austin, PhoneNum=212895643}
{Name=Aimee Osborn, Address=411 King Ave, City=Austin, PhoneNum=212068468}
{Name=Aisha Odonnell, Address=304 Elizabeth Ave, City=Austin, PhoneNum=212065469}
{Name=Alberta Wiggins, Address=337 King Ave, City=Austin, PhoneNum=212601145}
{Name=Alec Alvarez, Address=335 Eldridge Ave, City=Austin, PhoneNum=212533494}
{Name=Alec Lara, Address=571 Elizabeth Ave, City=Austin, PhoneNum=212087363}
{Name=Alec Stout, Address=457 White Ave, City=Austin, PhoneNum=212008454}
{Name=Alejandro Casey, Address=10 Sullivan Ave, City=Austin, PhoneNum=212355784}
{Name=Alejandro Thornton, Address=196 Baxter Ave, City=Austin, PhoneNum=212713904}
{Name=Alfreda Russo, Address=140 Sullivan Ave, City=Austin, PhoneNum=212061595}
{Name=Alicia Shaw, Address=485 Sullivan Ave, City=Austin, PhoneNum=212839696}
{Name=Aline Barry, Address=295 Broome Ave, City=Austin, PhoneNum=212460230}
{Name=Aline Collins, Address=457 Sullivan Ave, City=Austin, PhoneNum=212259392}
{Name=Alissa Gordon, Address=548 Broome Ave, City=Austin, PhoneNum=212055071}
{Name=Allan Velez, Address=52 White Ave, City=Austin, PhoneNum=212082846}
{Name=Allie Carpenter, Address=106 King Ave, City=Austin, PhoneNum=212232054}
{Name=Amalia Bowers, Address=592 Sullivan Ave, City=Austin, PhoneNum=212949715}
{Name=Amber Hunter, Address=104 Elizabeth Ave, City=Austin, PhoneNum=212536009}
{Name=Amber Ross, Address=410 Broome Ave, City=Austin, PhoneNum=212646205}
{Name=Amina Head, Address=563 Baxter Ave, City=Austin, PhoneNum=212099969}
{Name=Amy Cochran, Address=18 King Ave, City=Austin, PhoneNum=212538697}
{Name=Amy Zavala, Address=139 King Ave, City=Austin, PhoneNum=212455125}
{Name=Amy-Louise Summers, Address=555 Broome Ave, City=Austin, PhoneNum=212609757}
{Name=Anderson Davis, Address=241 White Ave, City=Austin, PhoneNum=212848485}
{Name=Angela Conley, Address=186 Eldridge Ave, City=Austin, PhoneNum=212898307}
{Name=Angelia May, Address=344 King Ave, City=Austin, PhoneNum=212811467}
{Name=Angeline Mercado, Address=364 Eldridge Ave, City=Austin, PhoneNum=212558527}
{Name=Angelo Ball, Address=1 Baxter Ave, City=Austin, PhoneNum=212794224}
{Name=Angelo Mcdowell, Address=15 White Ave, City=Austin, PhoneNum=212571689}
{Name=Anibal Novak, Address=251 Broome Ave, City=Austin, PhoneNum=212216731}
{Name=Anne Price, Address=44 Broome Ave, City=Austin, PhoneNum=212391479}
{Name=Annette Kline, Address=372 King Ave, City=Austin, PhoneNum=212249732}
{Name=Antoine Marks, Address=192 Sullivan Ave, City=Austin, PhoneNum=212673505}
{Name=Antonio Hinton, Address=66 Broome Ave, City=Austin, PhoneNum=212242300}
{Name=Antonio Novak, Address=49 Baxter Ave, City=Austin, PhoneNum=212566176}
{Name=Araceli Gates, Address=438 Broome Ave, City=Austin, PhoneNum=212801422}
{Name=Arden Hudson, Address=261 Baxter Ave, City=Austin, PhoneNum=212922563}
{Name=Ariel Perez, Address=213 Sullivan Ave, City=Austin, PhoneNum=212184540}
{Name=Arlene Roberson, Address=519 King Ave, City=Austin, PhoneNum=212744710}
{Name=Arline Livingston, Address=398 Broome Ave, City=Austin, PhoneNum=212435432}
{Name=Arline Singleton, Address=9 King Ave, City=Austin, PhoneNum=212755505}
{Name=Armando Gilbert, Address=420 Broome Ave, City=Austin, PhoneNum=212549277}
{Name=Arnoldo Barnes, Address=468 King Ave, City=Austin, PhoneNum=212673838}
{Name=Arnoldo Oconnell, Address=114 Eldridge Ave, City=Austin, PhoneNum=212172946}
{Name=Audra Calhoun, Address=286 Eldridge Ave, City=Austin, PhoneNum=212129153}
{Name=Audra Valdez, Address=55 Elizabeth Ave, City=Austin, PhoneNum=212982957}
{Name=Augusta Proctor, Address=208 Eldridge Ave, City=Austin, PhoneNum=212021972}
{Name=Augustine Conrad, Address=291 White Ave, City=Austin, PhoneNum=212700827}
{Name=Avery Harper, Address=470 King Ave, City=Austin, PhoneNum=212236424}
{Name=Avis Ferguson, Address=90 White Ave, City=Austin, PhoneNum=212072985}
{Name=Avis Orozco, Address=512 Elizabeth Ave, City=Austin, PhoneNum=212860962}
{Name=Ayva Neale, Address=496 Eldridge Ave, City=Austin, PhoneNum=212416945}
{Name=Barbra Murphy, Address=162 Baxter Ave, City=Austin, PhoneNum=212929489}
{Name=Barney Fritz, Address=111 White Ave, City=Austin, PhoneNum=212310320}
{Name=Bart Sherman, Address=242 Eldridge Ave, City=Austin, PhoneNum=212776536}
{Name=Barton Wiggins, Address=260 Elizabeth Ave, City=Austin, PhoneNum=212543687}
{Name=Basil Stokes, Address=109 Baxter Ave, City=Austin, PhoneNum=212885027}
{Name=Beatriz Goodwin, Address=544 White Ave, City=Austin, PhoneNum=212090914}
{Name=Beatriz Thomas, Address=286 Baxter Ave, City=Austin, PhoneNum=212426213}
{Name=Benita Chandler, Address=90 King Ave, City=Austin, PhoneNum=212244669}
{Name=Benjamin Burns, Address=463 White Ave, City=Austin, PhoneNum=212479595}
{Name=Benton Morris, Address=9 White Ave, City=Austin, PhoneNum=212132150}
{Name=Bernadette Kirby, Address=14 Sullivan Ave, City=Austin, PhoneNum=212236786}
{Name=Bernadine Torres, Address=495 Sullivan Ave, City=Austin, PhoneNum=212311351}
{Name=Bernardo Shaw, Address=190 Sullivan Ave, City=Austin, PhoneNum=212515301}
{Name=Bertie Lutz, Address=274 Eldridge Ave, City=Austin, PhoneNum=212309150}
{Name=Bessie Jacobs, Address=284 Broome Ave, City=Austin, PhoneNum=212640954}
{Name=Beth Lindsey, Address=189 White Ave, City=Austin, PhoneNum=212796130}
{Name=Betsy Benton, Address=112 Sullivan Ave, City=Austin, PhoneNum=212965732}
{Name=Bianca Olsen, Address=523 King Ave, City=Austin, PhoneNum=212467145}
{Name=Blaine Huber, Address=285 King Ave, City=Austin, PhoneNum=212696383}
{Name=Blanche Oneal, Address=174 King Ave, City=Austin, PhoneNum=212028247}
{Name=Bobbi Vaughan, Address=488 Sullivan Ave, City=Austin, PhoneNum=212907965}
{Name=Boris Cervantes, Address=308 Eldridge Ave, City=Austin, PhoneNum=212624623}
{Name=Bradly Hanson, Address=83 Eldridge Ave, City=Austin, PhoneNum=212051873}
{Name=Brandi Briggs, Address=554 Elizabeth Ave, City=Austin, PhoneNum=212368348}
{Name=Brandie Patel, Address=269 White Ave, City=Austin, PhoneNum=212778105}
{Name=Brandon Combs, Address=527 Eldridge Ave, City=Austin, PhoneNum=212567881}
{Name=Brendan Pugh, Address=163 King Ave, City=Austin, PhoneNum=212603115}
{Name=Brent Weber, Address=532 Sullivan Ave, City=Austin, PhoneNum=212349285}
{Name=Brian Humphrey, Address=503 Elizabeth Ave, City=Austin, PhoneNum=212517289}
{Name=Briana Berger, Address=466 Baxter Ave, City=Austin, PhoneNum=212731936}
{Name=Briana Christian, Address=433 Sullivan Ave, City=Austin, PhoneNum=212531581}
{Name=Brianna Arnold, Address=170 White Ave, City=Austin, PhoneNum=212581107}
{Name=Brice Harrison, Address=106 Sullivan Ave, City=Austin, PhoneNum=212017981}
{Name=Brice Mcintosh, Address=343 Eldridge Ave, City=Austin, PhoneNum=212353655}
{Name=Bridgette Watson, Address=243 White Ave, City=Austin, PhoneNum=212398145}
{Name=Brigitte Gutierrez, Address=524 Sullivan Ave, City=Austin, PhoneNum=212696601}
{Name=Brigitte Irwin, Address=233 Baxter Ave, City=Austin, PhoneNum=212274952}
{Name=Brittany Tucker, Address=521 Sullivan Ave, City=Austin, PhoneNum=212996466}
{Name=Brock Villa, Address=357 Eldridge Ave, City=Austin, PhoneNum=212260960}
{Name=Brooks Ballard, Address=184 King Ave, City=Austin, PhoneNum=212688136}
{Name=Bruno Archer, Address=517 Baxter Ave, City=Austin, PhoneNum=212902399}
{Name=Bryan Fisher, Address=384 Elizabeth Ave, City=Austin, PhoneNum=212447979}
{Name=Bryce Paterson, Address=531 Eldridge Ave, City=Austin, PhoneNum=212089892}
{Name=Buford Chapman, Address=91 Baxter Ave, City=Austin, PhoneNum=212142192}
{Name=Buford Logan, Address=165 King Ave, City=Austin, PhoneNum=212905314}
{Name=Burton Ford, Address=398 Eldridge Ave, City=Austin, PhoneNum=212100572}
{Name=Buster Leach, Address=13 Broome Ave, City=Austin, PhoneNum=212801204}
{Name=Byron Sexton, Address=495 White Ave, City=Austin, PhoneNum=212874262}
{Name=Cameron Kane, Address=78 Broome Ave, City=Austin, PhoneNum=212483335}
{Name=Candace Bowman, Address=331 Broome Ave, City=Austin, PhoneNum=212637401}
{Name=Candace Cisneros, Address=464 White Ave, City=Austin, PhoneNum=212456629}
{Name=Candy Blevins, Address=110 Eldridge Ave, City=Austin, PhoneNum=212919347}
{Name=Cara Kim, Address=220 White Ave, City=Austin, PhoneNum=212650271}
{Name=Carla Jacobs, Address=86 Sullivan Ave, City=Austin, PhoneNum=212380763}
{Name=Carmen Montgomery, Address=481 King Ave, City=Austin, PhoneNum=212622222}
{Name=Carmine Perry, Address=34 Eldridge Ave, City=Austin, PhoneNum=212136875}
{Name=Carolina Williamson, Address=587 Sullivan Ave, City=Austin, PhoneNum=212285930}
{Name=Caroline Logan, Address=435 Eldridge Ave, City=Austin, PhoneNum=212941619}
{Name=Casey Greer, Address=129 King Ave, City=Austin, PhoneNum=212187298}
{Name=Cassandra Madden, Address=557 White Ave, City=Austin, PhoneNum=212309845}
{Name=Cathleen Cervantes, Address=358 White Ave, City=Austin, PhoneNum=212562841}
{Name=Cathleen Moran, Address=59 King Ave, City=Austin, PhoneNum=212708026}
{Name=Cedrick Gonzalez, Address=242 Baxter Ave, City=Austin, PhoneNum=212233386}
{Name=Celia Strong, Address=261 Elizabeth Ave, City=Austin, PhoneNum=212564944}
{Name=Celina Barr, Address=534 Baxter Ave, City=Austin, PhoneNum=212625929}
{Name=Charity Crosby, Address=368 Elizabeth Ave, City=Austin, PhoneNum=212997241}
{Name=Cheri Randolph, Address=14 King Ave, City=Austin, PhoneNum=212488186}
{Name=Cherie Nguyen, Address=241 Eldridge Ave, City=Austin, PhoneNum=212308369}
{Name=Chester Underwood, Address=290 Elizabeth Ave, City=Austin, PhoneNum=212339183}
{Name=Chet Ferrell, Address=260 White Ave, City=Austin, PhoneNum=212293117}
{Name=Chet Mason, Address=205 Eldridge Ave, City=Austin, PhoneNum=212093204}
{Name=Christian Velazquez, Address=591 Eldridge Ave, City=Austin, PhoneNum=212112666}
{Name=Christina Lam, Address=61 Sullivan Ave, City=Austin, PhoneNum=212031704}
{Name=Christina Matthews, Address=148 Broome Ave, City=Austin, PhoneNum=212848193}
{Name=Christoper Strickland, Address=267 Sullivan Ave, City=Austin, PhoneNum=212908320}
{Name=Christopher Travis, Address=32 Elizabeth Ave, City=Austin, PhoneNum=212628329}
{Name=Christy Barron, Address=138 Eldridge Ave, City=Austin, PhoneNum=212650058}
{Name=Christy Fernandez, Address=509 Elizabeth Ave, City=Austin, PhoneNum=212938069}
{Name=Clair Hayes, Address=35 White Ave, City=Austin, PhoneNum=212749077}
{Name=Clare Durham, Address=292 Baxter Ave, City=Austin, PhoneNum=212380169}
{Name=Clarence Leonard, Address=531 Elizabeth Ave, City=Austin, PhoneNum=212326605}
{Name=Clayton Mercer, Address=5 Sullivan Ave, City=Austin, PhoneNum=212088666}
{Name=Clemente Jacobson, Address=148 White Ave, City=Austin, PhoneNum=212787270}
{Name=Cliff Costa, Address=462 King Ave, City=Austin, PhoneNum=212679299}
{Name=Clifton Dominguez, Address=574 Eldridge Ave, City=Austin, PhoneNum=212095822}
{Name=Cody Zavala, Address=16 Baxter Ave, City=Austin, PhoneNum=212882994}
{Name=Coleman Sparks, Address=401 Broome Ave, City=Austin, PhoneNum=212179853}
{Name=Columbus Lyons, Address=410 White Ave, City=Austin, PhoneNum=212226982}
{Name=Conor Ho, Address=312 King Ave, City=Austin, PhoneNum=212823268}
{Name=Constance Alvarez, Address=311 Eldridge Ave, City=Austin, PhoneNum=212833421}
{Name=Constance Lester, Address=146 Sullivan Ave, City=Austin, PhoneNum=212683301}
{Name=Corine Garrett, Address=327 Broome Ave, City=Austin, PhoneNum=212365659}
{Name=Corine Kennedy, Address=46 King Ave, City=Austin, PhoneNum=212460433}
{Name=Corine Pace, Address=543 Eldridge Ave, City=Austin, PhoneNum=212456495}
{Name=Cornell Melendez, Address=432 King Ave, City=Austin, PhoneNum=212908491}
{Name=Cory Navarro, Address=527 King Ave, City=Austin, PhoneNum=212856425}
{Name=Courtney Gaines, Address=144 White Ave, City=Austin, PhoneNum=212002440}
{Name=Cristopher Dorsey, Address=320 Elizabeth Ave, City=Austin, PhoneNum=212695159}
{Name=Crystal Webster, Address=531 White Ave, City=Austin, PhoneNum=212400256}
{Name=Cyrus Watson, Address=372 Elizabeth Ave, City=Austin, PhoneNum=212268251}
{Name=Daisy Dalby, Address=26 King Ave, City=Austin, PhoneNum=212610081}
{Name=Daisy Merritt, Address=550 White Ave, City=Austin, PhoneNum=212398243}
{Name=Daisy-May Robinson, Address=125 Baxter Ave, City=Austin, PhoneNum=212777909}
{Name=Dallas Fitzgerald, Address=193 Broome Ave, City=Austin, PhoneNum=212250277}
{Name=Dalton Case, Address=54 Eldridge Ave, City=Austin, PhoneNum=212330141}
{Name=Dalton Craig, Address=551 White Ave, City=Austin, PhoneNum=212347046}
{Name=Damien Patton, Address=454 King Ave, City=Austin, PhoneNum=212680059}
{Name=Danielle Ramirez, Address=248 Baxter Ave, City=Austin, PhoneNum=212247372}
{Name=Danniella Ware, Address=500 Eldridge Ave, City=Austin, PhoneNum=212338764}
{Name=Dario Duarte, Address=294 White Ave, City=Austin, PhoneNum=212362902}
{Name=Darnell Campos, Address=394 Baxter Ave, City=Austin, PhoneNum=212315424}
{Name=Darrell Patton, Address=432 White Ave, City=Austin, PhoneNum=212740349}
{Name=Darren Wilkinson, Address=475 King Ave, City=Austin, PhoneNum=212180099}
{Name=Darron Santos, Address=405 Sullivan Ave, City=Austin, PhoneNum=212208193}
{Name=Dawn Hinton, Address=318 King Ave, City=Austin, PhoneNum=212769168}
{Name=Deanna Michael, Address=289 Broome Ave, City=Austin, PhoneNum=212012269}
{Name=Deanne Morrison, Address=216 Elizabeth Ave, City=Austin, PhoneNum=212390901}
{Name=Debora Mckee, Address=570 Elizabeth Ave, City=Austin, PhoneNum=212547176}
{Name=Debora Perry, Address=165 Baxter Ave, City=Austin, PhoneNum=212072612}
{Name=Dee Villegas, Address=189 Eldridge Ave, City=Austin, PhoneNum=212190445}
{Name=Deidre Kramer, Address=594 King Ave, City=Austin, PhoneNum=212595986}
{Name=Delia Bright, Address=542 Sullivan Ave, City=Austin, PhoneNum=212532586}
{Name=Delmer Patrick, Address=411 Broome Ave, City=Austin, PhoneNum=212789668}
{Name=Delores Parsons, Address=391 Baxter Ave, City=Austin, PhoneNum=212857945}
{Name=Denis Mosley, Address=277 Sullivan Ave, City=Austin, PhoneNum=212377724}
{Name=Derrick Miller, Address=48 White Ave, City=Austin, PhoneNum=212445015}
{Name=Deshawn Ali, Address=2 King Ave, City=Austin, PhoneNum=212312682}
{Name=Desiree Allen, Address=337 Baxter Ave, City=Austin, PhoneNum=212994140}
{Name=Devon Ortiz, Address=195 Elizabeth Ave, City=Austin, PhoneNum=212172290}
{Name=Dewey Moody, Address=143 Eldridge Ave, City=Austin, PhoneNum=212522455}
{Name=Dewitt Sloan, Address=129 Broome Ave, City=Austin, PhoneNum=212983779}
{Name=Dianne Holder, Address=566 Sullivan Ave, City=Austin, PhoneNum=212293959}
{Name=Dianne Mays, Address=276 White Ave, City=Austin, PhoneNum=212725150}
{Name=Dion Mckee, Address=315 White Ave, City=Austin, PhoneNum=212595238}
{Name=Dionne Page, Address=49 Elizabeth Ave, City=Austin, PhoneNum=212044583}
{Name=Dirk Blankenship, Address=426 King Ave, City=Austin, PhoneNum=212326013}
{Name=Dollie Sosa, Address=383 White Ave, City=Austin, PhoneNum=212584784}
{Name=Dolly Estes, Address=421 King Ave, City=Austin, PhoneNum=212698734}
{Name=Domenic Huang, Address=46 Elizabeth Ave, City=Austin, PhoneNum=212905070}
{Name=Domingo Forbes, Address=253 Elizabeth Ave, City=Austin, PhoneNum=212691800}
{Name=Dominick Houston, Address=116 King Ave, City=Austin, PhoneNum=212682637}
{Name=Dona Clayton, Address=155 King Ave, City=Austin, PhoneNum=212752714}
{Name=Donn Williamson, Address=64 Baxter Ave, City=Austin, PhoneNum=212625669}
{Name=Donna Weaver, Address=576 White Ave, City=Austin, PhoneNum=212628560}
{Name=Donovan Sellers, Address=491 White Ave, City=Austin, PhoneNum=212300582}
{Name=Doreen White, Address=7 King Ave, City=Austin, PhoneNum=212179749}
{Name=Dorothy Eaton, Address=33 White Ave, City=Austin, PhoneNum=212530233}
{Name=Douglass Kaufman, Address=110 Elizabeth Ave, City=Austin, PhoneNum=212641416}
{Name=Drew Preston, Address=163 White Ave, City=Austin, PhoneNum=212039814}
{Name=Duane Chung, Address=390 Baxter Ave, City=Austin, PhoneNum=212178705}
{Name=Dudley Blackwell, Address=577 White Ave, City=Austin, PhoneNum=212438650}
{Name=Duncan Floyd, Address=315 King Ave, City=Austin, PhoneNum=212874010}
{Name=Duncan Zhang, Address=507 King Ave, City=Austin, PhoneNum=212370169}
{Name=Earlene Wilson, Address=187 Sullivan Ave, City=Austin, PhoneNum=212776271}
{Name=Earline Browning, Address=452 Baxter Ave, City=Austin, PhoneNum=212624834}
{Name=Earnestine Hanson, Address=80 Baxter Ave, City=Austin, PhoneNum=212964979}
{Name=Ebony Dominguez, Address=31 Baxter Ave, City=Austin, PhoneNum=212161499}
{Name=Edison Mcgee, Address=88 Eldridge Ave, City=Austin, PhoneNum=212439359}
{Name=Edith Gilmore, Address=538 Broome Ave, City=Austin, PhoneNum=212889336}
{Name=Eduardo Barton, Address=14 Broome Ave, City=Austin, PhoneNum=212131841}
{Name=Eduardo Ford, Address=182 Broome Ave, City=Austin, PhoneNum=212104789}
{Name=Eduardo Shea, Address=176 King Ave, City=Austin, PhoneNum=212216163}
{Name=Edwin Bell, Address=201 Sullivan Ave, City=Austin, PhoneNum=212325041}
{Name=Edwina Fisher, Address=594 Sullivan Ave, City=Austin, PhoneNum=212337677}
{Name=Efrain Garrison, Address=208 Baxter Ave, City=Austin, PhoneNum=212705112}
{Name=Ela Macgregor, Address=145 White Ave, City=Austin, PhoneNum=212066241}
{Name=Elaine Cain, Address=450 Elizabeth Ave, City=Austin, PhoneNum=212919274}
{Name=Elba Cooper, Address=392 King Ave, City=Austin, PhoneNum=212930443}
{Name=Elba Serrano, Address=349 Elizabeth Ave, City=Austin, PhoneNum=212327806}
{Name=Eldridge Serrano, Address=342 Sullivan Ave, City=Austin, PhoneNum=212741665}
{Name=Eleanor Blevins, Address=95 Eldridge Ave, City=Austin, PhoneNum=212278468}
{Name=Elias White, Address=78 King Ave, City=Austin, PhoneNum=212257168}
{Name=Elinor Shepherd, Address=148 Elizabeth Ave, City=Austin, PhoneNum=212426815}
{Name=Elise Wilkinson, Address=24 Elizabeth Ave, City=Austin, PhoneNum=212745171}
{Name=Elissa Crane, Address=158 Broome Ave, City=Austin, PhoneNum=212756383}
{Name=Eliza Jenkins, Address=351 Baxter Ave, City=Austin, PhoneNum=212714476}
{Name=Elizabeth Roth, Address=552 King Ave, City=Austin, PhoneNum=212938757}
{Name=Ellis Fry, Address=184 Elizabeth Ave, City=Austin, PhoneNum=212977417}
{Name=Elma Obrien, Address=359 Sullivan Ave, City=Austin, PhoneNum=212025077}
{Name=Elsa Mcgrath, Address=561 Baxter Ave, City=Austin, PhoneNum=212514087}
{Name=Elsa Vaughn, Address=83 White Ave, City=Austin, PhoneNum=212405228}
{Name=Elton Tanner, Address=43 Broome Ave, City=Austin, PhoneNum=212304207}
{Name=Elvia Dalton, Address=565 White Ave, City=Austin, PhoneNum=212920556}
{Name=Elwood Bass, Address=577 Broome Ave, City=Austin, PhoneNum=212004350}
{Name=Emile Poole, Address=341 Elizabeth Ave, City=Austin, PhoneNum=212743178}
{Name=Emily Benitez, Address=143 King Ave, City=Austin, PhoneNum=212571491}
{Name=Emmanuel Harper, Address=521 Baxter Ave, City=Austin, PhoneNum=212237952}
{Name=Enid Robertson, Address=327 Eldridge Ave, City=Austin, PhoneNum=212217276}
{Name=Erich Stokes, Address=184 Broome Ave, City=Austin, PhoneNum=212929034}
{Name=Erik Sanchez, Address=174 Elizabeth Ave, City=Austin, PhoneNum=212699783}
{Name=Erin Bass, Address=79 Elizabeth Ave, City=Austin, PhoneNum=212693615}
{Name=Esa Needham, Address=419 Eldridge Ave, City=Austin, PhoneNum=212842877}
{Name=Esmeralda Holden, Address=163 Baxter Ave, City=Austin, PhoneNum=212475954}
{Name=Esmeralda Wolf, Address=17 Eldridge Ave, City=Austin, PhoneNum=212864876}
{Name=Estella Adams, Address=46 Eldridge Ave, City=Austin, PhoneNum=212242886}
{Name=Estelle Gallegos, Address=266 Elizabeth Ave, City=Austin, PhoneNum=212315452}
{Name=Ethel Garcia, Address=387 Elizabeth Ave, City=Austin, PhoneNum=212122223}
{Name=Evangelina Callahan, Address=371 Elizabeth Ave, City=Austin, PhoneNum=212008897}
{Name=Everett Roach, Address=181 White Ave, City=Austin, PhoneNum=212558350}
{Name=Everette Potter, Address=47 King Ave, City=Austin, PhoneNum=212878299}
{Name=Ezequiel Mcfarland, Address=548 Baxter Ave, City=Austin, PhoneNum=212383540}
{Name=Fabian Wall, Address=532 Eldridge Ave, City=Austin, PhoneNum=212358189}
{Name=Faith Donovan, Address=87 Eldridge Ave, City=Austin, PhoneNum=212389153}
{Name=Fanny Brooks, Address=227 Baxter Ave, City=Austin, PhoneNum=212091292}
{Name=Faye Erickson, Address=477 Sullivan Ave, City=Austin, PhoneNum=212716814}
{Name=Faye Osborn, Address=391 Eldridge Ave, City=Austin, PhoneNum=212553166}
{Name=Faye Rangel, Address=162 Eldridge Ave, City=Austin, PhoneNum=212775103}
{Name=Federico Mcguire, Address=125 King Ave, City=Austin, PhoneNum=212710736}
{Name=Felipe Mercer, Address=57 Broome Ave, City=Austin, PhoneNum=212184833}
{Name=Fernando Hinton, Address=453 Broome Ave, City=Austin, PhoneNum=212426594}
{Name=Fidel Rush, Address=178 Sullivan Ave, City=Austin, PhoneNum=212634438}
{Name=Finlay Galloway, Address=182 King Ave, City=Austin, PhoneNum=212430063}
{Name=Florencio Berger, Address=466 White Ave, City=Austin, PhoneNum=212186558}
{Name=Florencio Lucas, Address=562 Broome Ave, City=Austin, PhoneNum=212706922}
{Name=Frances Bautista, Address=159 Broome Ave, City=Austin, PhoneNum=212770190}
{Name=Frank Parsons, Address=163 Eldridge Ave, City=Austin, PhoneNum=212145170}
{Name=Freddie Cabrera, Address=249 Baxter Ave, City=Austin, PhoneNum=212059508}
{Name=Frederick Mcgee, Address=433 King Ave, City=Austin, PhoneNum=212467396}
{Name=Frieda Boyd, Address=585 Baxter Ave, City=Austin, PhoneNum=212401339}
{Name=Frieda Friedman, Address=104 King Ave, City=Austin, PhoneNum=212084321}
{Name=Gabriela Maddox, Address=11 Baxter Ave, City=Austin, PhoneNum=212316634}
{Name=Gail Mcdowell, Address=240 King Ave, City=Austin, PhoneNum=212705525}
{Name=Gale Glover, Address=360 Sullivan Ave, City=Austin, PhoneNum=212852112}
{Name=Galen White, Address=209 King Ave, City=Austin, PhoneNum=212769344}
{Name=Garland Hendricks, Address=591 King Ave, City=Austin, PhoneNum=212270344}
{Name=Garret Roach, Address=470 White Ave, City=Austin, PhoneNum=212014647}
{Name=Garrett Hancock, Address=371 Baxter Ave, City=Austin, PhoneNum=212949679}
{Name=Garth Paul, Address=113 Broome Ave, City=Austin, PhoneNum=212360172}
{Name=Gary Cantrell, Address=130 Broome Ave, City=Austin, PhoneNum=212655211}
{Name=Gaston Hunter, Address=135 Broome Ave, City=Austin, PhoneNum=212626712}
{Name=Gay Berry, Address=217 Sullivan Ave, City=Austin, PhoneNum=212492696}
{Name=Gay Vincent, Address=19 Sullivan Ave, City=Austin, PhoneNum=212069459}
{Name=Gayle Cervantes, Address=445 White Ave, City=Austin, PhoneNum=212566427}
{Name=Gaylord Jordan, Address=287 King Ave, City=Austin, PhoneNum=212813706}
{Name=Genaro Coleman, Address=289 Elizabeth Ave, City=Austin, PhoneNum=212591536}
{Name=Genevieve Walter, Address=110 Broome Ave, City=Austin, PhoneNum=212634030}
{Name=George Pierce, Address=536 Broome Ave, City=Austin, PhoneNum=212878559}
{Name=Georgia Avery, Address=402 Sullivan Ave, City=Austin, PhoneNum=212994383}
{Name=Georgia Giles, Address=580 White Ave, City=Austin, PhoneNum=212175074}
{Name=Geraldo Townsend, Address=144 Broome Ave, City=Austin, PhoneNum=212163407}
{Name=Gertrude Burgess, Address=367 Broome Ave, City=Austin, PhoneNum=212852803}
{Name=Gilberto Shah, Address=65 King Ave, City=Austin, PhoneNum=212208649}
{Name=Ginger Phillips, Address=504 Baxter Ave, City=Austin, PhoneNum=212302142}
{Name=Gonzalo Mooney, Address=103 Sullivan Ave, City=Austin, PhoneNum=212122012}
{Name=Graham Campos, Address=348 White Ave, City=Austin, PhoneNum=212148215}
{Name=Graham Gillespie, Address=529 King Ave, City=Austin, PhoneNum=212033910}
{Name=Gregg Nixon, Address=570 Sullivan Ave, City=Austin, PhoneNum=212604040}
{Name=Guillermo Pollard, Address=127 White Ave, City=Austin, PhoneNum=212899545}
{Name=Gus Peters, Address=286 White Ave, City=Austin, PhoneNum=212833782}
{Name=Guy Jimenez, Address=50 Sullivan Ave, City=Austin, PhoneNum=212755590}
{Name=Gwendolyn Frederick, Address=3 Elizabeth Ave, City=Austin, PhoneNum=212405959}
{Name=Hal Fernandez, Address=462 Elizabeth Ave, City=Austin, PhoneNum=212600814}
{Name=Harland Benton, Address=30 Elizabeth Ave, City=Austin, PhoneNum=212134301}
{Name=Harriet Petty, Address=146 King Ave, City=Austin, PhoneNum=212286227}
{Name=Harvey Washington, Address=94 Baxter Ave, City=Austin, PhoneNum=212788378}
{Name=Hattie Page, Address=391 Sullivan Ave, City=Austin, PhoneNum=212639920}
{Name=Heather Keller, Address=259 Elizabeth Ave, City=Austin, PhoneNum=212624642}
{Name=Heena Gilbert, Address=543 Elizabeth Ave, City=Austin, PhoneNum=212352526}
{Name=Helene Nixon, Address=455 Baxter Ave, City=Austin, PhoneNum=212718366}
{Name=Helga Huber, Address=139 Eldridge Ave, City=Austin, PhoneNum=212563403}
{Name=Herbert Stout, Address=269 Broome Ave, City=Austin, PhoneNum=212005444}
{Name=Hershel Foley, Address=80 Broome Ave, City=Austin, PhoneNum=212735871}
{Name=Hester Everett, Address=91 White Ave, City=Austin, PhoneNum=212618737}
{Name=Hillary Ramirez, Address=416 Eldridge Ave, City=Austin, PhoneNum=212126628}
{Name=Hiram Cummings, Address=424 Broome Ave, City=Austin, PhoneNum=212924853}
{Name=Hope Herman, Address=501 White Ave, City=Austin, PhoneNum=212819885}
{Name=Hope Morrow, Address=558 Baxter Ave, City=Austin, PhoneNum=212369574}
{Name=Howard Trujillo, Address=408 Broome Ave, City=Austin, PhoneNum=212792927}
{Name=Huey Harrell, Address=596 Sullivan Ave, City=Austin, PhoneNum=212285528}
{Name=Humberto Russell, Address=245 King Ave, City=Austin, PhoneNum=212763706}
{Name=Ida James, Address=51 King Ave, City=Austin, PhoneNum=212480105}
{Name=Ignacio Chan, Address=424 White Ave, City=Austin, PhoneNum=212180180}
{Name=Ila Farmer, Address=108 Elizabeth Ave, City=Austin, PhoneNum=212698626}
{Name=Ila Mccarty, Address=137 White Ave, City=Austin, PhoneNum=212909872}
{Name=Imogene Mendez, Address=345 King Ave, City=Austin, PhoneNum=212979221}
{Name=Imogene Watts, Address=18 Baxter Ave, City=Austin, PhoneNum=212009086}
{Name=Ingrid Harper, Address=499 Eldridge Ave, City=Austin, PhoneNum=212066374}
{Name=Iva Garrison, Address=255 Elizabeth Ave, City=Austin, PhoneNum=212982975}
{Name=Jackie Cochran, Address=162 Elizabeth Ave, City=Austin, PhoneNum=212367517}
{Name=Jacques Hanna, Address=264 Eldridge Ave, City=Austin, PhoneNum=212107259}
{Name=Jada Beech, Address=15 Baxter Ave, City=Austin, PhoneNum=212241994}
{Name=Jae Fitzgerald, Address=8 Broome Ave, City=Austin, PhoneNum=212415390}
{Name=Jamaal Forbes, Address=443 Eldridge Ave, City=Austin, PhoneNum=212057169}
{Name=Jamaal Hawkins, Address=562 Sullivan Ave, City=Austin, PhoneNum=212045292}
{Name=Jamaal Patrick, Address=231 King Ave, City=Austin, PhoneNum=212702279}
{Name=Jamar Alexander, Address=22 Elizabeth Ave, City=Austin, PhoneNum=212563625}
{Name=Jamar Gross, Address=597 Eldridge Ave, City=Austin, PhoneNum=212414573}
{Name=Jamar Mercer, Address=40 King Ave, City=Austin, PhoneNum=212266561}
{Name=James Winter, Address=104 Broome Ave, City=Austin, PhoneNum=212528915}
{Name=Jan Herman, Address=464 Elizabeth Ave, City=Austin, PhoneNum=212465918}
{Name=Janell Walter, Address=283 Eldridge Ave, City=Austin, PhoneNum=212201627}
{Name=Janis Carson, Address=250 White Ave, City=Austin, PhoneNum=212032386}
{Name=Janna Lamb, Address=95 Baxter Ave, City=Austin, PhoneNum=212884723}
{Name=Janna Mcclure, Address=36 Baxter Ave, City=Austin, PhoneNum=212057519}
{Name=Jarod Chaney, Address=354 Broome Ave, City=Austin, PhoneNum=212249280}
{Name=Jaskaran Dunne, Address=463 Baxter Ave, City=Austin, PhoneNum=212619313}
{Name=Jason Rose, Address=100 Elizabeth Ave, City=Austin, PhoneNum=212189297}
{Name=Jasper Mathews, Address=78 Baxter Ave, City=Austin, PhoneNum=212956166}
{Name=Jayce Shepherd, Address=529 Broome Ave, City=Austin, PhoneNum=212254532}
{Name=Jayson Tyler, Address=97 White Ave, City=Austin, PhoneNum=212427602}
{Name=Jeanette Harding, Address=400 Broome Ave, City=Austin, PhoneNum=212059983}
{Name=Jeanie Charles, Address=549 Sullivan Ave, City=Austin, PhoneNum=212247079}
{Name=Jed Ponce, Address=190 Eldridge Ave, City=Austin, PhoneNum=212631535}
{Name=Jefferson Hines, Address=195 Broome Ave, City=Austin, PhoneNum=212502310}
{Name=Jenny Green, Address=287 Eldridge Ave, City=Austin, PhoneNum=212882367}
{Name=Jensen Mcmahon, Address=578 Elizabeth Ave, City=Austin, PhoneNum=212261181}
{Name=Jeremiah Richmond, Address=24 King Ave, City=Austin, PhoneNum=212066144}
{Name=Jerold Austin, Address=403 Elizabeth Ave, City=Austin, PhoneNum=212264114}
{Name=Jerry Moran, Address=569 King Ave, City=Austin, PhoneNum=212954616}
{Name=Jess Beard, Address=533 White Ave, City=Austin, PhoneNum=212684671}
{Name=Jesse James, Address=8 Elizabeth Ave, City=Austin, PhoneNum=212175985}
{Name=Jewell Gross, Address=189 King Ave, City=Austin, PhoneNum=212376204}
{Name=Joan Arnold, Address=193 Elizabeth Ave, City=Austin, PhoneNum=212669876}
{Name=Joan Salinas, Address=360 Broome Ave, City=Austin, PhoneNum=212807473}
{Name=Joaquin Le, Address=373 Eldridge Ave, City=Austin, PhoneNum=212238011}
{Name=Jodi Garner, Address=22 Eldridge Ave, City=Austin, PhoneNum=212696185}
{Name=Jody Alvarado, Address=394 Broome Ave, City=Austin, PhoneNum=212281115}
{Name=Joesph Powell, Address=337 Elizabeth Ave, City=Austin, PhoneNum=212251057}
{Name=John Whitney, Address=74 King Ave, City=Austin, PhoneNum=212859472}
{Name=Johnie Estes, Address=257 King Ave, City=Austin, PhoneNum=212087746}
{Name=Jolene Mcclain, Address=118 Elizabeth Ave, City=Austin, PhoneNum=212476606}
{Name=Jon Shields, Address=180 White Ave, City=Austin, PhoneNum=212701999}
{Name=Jose Buck, Address=388 Sullivan Ave, City=Austin, PhoneNum=212649507}
{Name=Josef Cline, Address=169 White Ave, City=Austin, PhoneNum=212548447}
{Name=Josef Farrell, Address=168 Elizabeth Ave, City=Austin, PhoneNum=212795362}
{Name=Josefa Miller, Address=167 Eldridge Ave, City=Austin, PhoneNum=212220703}
{Name=Josefina Barber, Address=3 King Ave, City=Austin, PhoneNum=212472108}
{Name=Joseph Oconnell, Address=362 Elizabeth Ave, City=Austin, PhoneNum=212688617}
{Name=Josephine Black, Address=256 King Ave, City=Austin, PhoneNum=212996064}
{Name=Josephine Farrell, Address=409 Eldridge Ave, City=Austin, PhoneNum=212758656}
{Name=Josie Allison, Address=589 Broome Ave, City=Austin, PhoneNum=212047390}
{Name=Josue Brady, Address=267 Eldridge Ave, City=Austin, PhoneNum=212237932}
{Name=Joyce Lucas, Address=586 Broome Ave, City=Austin, PhoneNum=212942498}
{Name=Joyce Shea, Address=219 Eldridge Ave, City=Austin, PhoneNum=212880754}
{Name=Juanita Hardy, Address=268 Eldridge Ave, City=Austin, PhoneNum=212807921}
{Name=Jude Bright, Address=225 King Ave, City=Austin, PhoneNum=212006480}
{Name=Judy Oliver, Address=213 Broome Ave, City=Austin, PhoneNum=212890444}
{Name=Julio Gray, Address=318 Sullivan Ave, City=Austin, PhoneNum=212019799}
{Name=Junior Browning, Address=118 Eldridge Ave, City=Austin, PhoneNum=212702685}
{Name=Juno Wise, Address=33 Elizabeth Ave, City=Austin, PhoneNum=212973838}
{Name=Justin Collins, Address=69 Eldridge Ave, City=Austin, PhoneNum=212836143}
{Name=Justin Wu, Address=177 Sullivan Ave, City=Austin, PhoneNum=212417315}
{Name=Karin Whitehead, Address=90 Elizabeth Ave, City=Austin, PhoneNum=212151604}
{Name=Karla Ruiz, Address=446 Baxter Ave, City=Austin, PhoneNum=212941426}
{Name=Kate Pace, Address=24 Sullivan Ave, City=Austin, PhoneNum=212617444}
{Name=Katheryn Li, Address=357 Broome Ave, City=Austin, PhoneNum=212043605}
{Name=Katie Reilly, Address=13 Sullivan Ave, City=Austin, PhoneNum=212334340}
{Name=Katy Franco, Address=172 Baxter Ave, City=Austin, PhoneNum=212841459}
{Name=Kay Ruiz, Address=421 White Ave, City=Austin, PhoneNum=212134255}
{Name=Kayla Curtis, Address=516 Eldridge Ave, City=Austin, PhoneNum=212661187}
{Name=Kayla Esparza, Address=465 Elizabeth Ave, City=Austin, PhoneNum=212530959}
{Name=Keegan Castro, Address=504 Broome Ave, City=Austin, PhoneNum=212435429}
{Name=Kellie Melendez, Address=475 Eldridge Ave, City=Austin, PhoneNum=212357908}
{Name=Kendra Scott, Address=400 White Ave, City=Austin, PhoneNum=212025831}
{Name=Kenton Jensen, Address=42 Eldridge Ave, City=Austin, PhoneNum=212084002}
{Name=Kenton Mitchell, Address=351 Broome Ave, City=Austin, PhoneNum=212806636}
{Name=Kenya Alvarado, Address=224 Eldridge Ave, City=Austin, PhoneNum=212070856}
{Name=Keon Padilla, Address=191 Baxter Ave, City=Austin, PhoneNum=212825341}
{Name=Kermit Moses, Address=434 White Ave, City=Austin, PhoneNum=212963281}
{Name=Kory Mcknight, Address=311 King Ave, City=Austin, PhoneNum=212943805}
{Name=Kraig Rivers, Address=553 King Ave, City=Austin, PhoneNum=212061051}
{Name=Krista Ingram, Address=161 Elizabeth Ave, City=Austin, PhoneNum=212514447}
{Name=Kristi Kemp, Address=597 Elizabeth Ave, City=Austin, PhoneNum=212454311}
{Name=Kristine Bowers, Address=562 Elizabeth Ave, City=Austin, PhoneNum=212557233}
{Name=Kristine Gardner, Address=142 King Ave, City=Austin, PhoneNum=212249637}
{Name=Kristy Morton, Address=25 King Ave, City=Austin, PhoneNum=212822382}
{Name=Krzysztof Byers, Address=525 Baxter Ave, City=Austin, PhoneNum=212936052}
{Name=Lacey-May Rivas, Address=564 Baxter Ave, City=Austin, PhoneNum=212492671}
{Name=Lamar Cortez, Address=440 Eldridge Ave, City=Austin, PhoneNum=212443898}
{Name=Lance Hammond, Address=97 Eldridge Ave, City=Austin, PhoneNum=212567835}
{Name=Lance Rich, Address=132 White Ave, City=Austin, PhoneNum=212662669}
{Name=Lane Robinson, Address=425 King Ave, City=Austin, PhoneNum=212221314}
{Name=Latoya Bennett, Address=485 White Ave, City=Austin, PhoneNum=212291705}
{Name=Lavonne Rivera, Address=108 Sullivan Ave, City=Austin, PhoneNum=212475791}
{Name=Lavonne Rose, Address=196 Elizabeth Ave, City=Austin, PhoneNum=212379645}
{Name=Lawrence Petty, Address=329 White Ave, City=Austin, PhoneNum=212321318}
{Name=Lee Cuevas, Address=491 Eldridge Ave, City=Austin, PhoneNum=212254055}
{Name=Leigh Graves, Address=212 White Ave, City=Austin, PhoneNum=212795886}
{Name=Leonardo Branch, Address=569 White Ave, City=Austin, PhoneNum=212581098}
{Name=Leopoldo Koch, Address=228 Broome Ave, City=Austin, PhoneNum=212565980}
{Name=Lesley Mahoney, Address=446 King Ave, City=Austin, PhoneNum=212782357}
{Name=Lesley Mclellan, Address=239 Broome Ave, City=Austin, PhoneNum=212052915}
{Name=Lessie Morton, Address=437 Elizabeth Ave, City=Austin, PhoneNum=212029699}
{Name=Letha Hanna, Address=5 King Ave, City=Austin, PhoneNum=212505782}
{Name=Liliana Silva, Address=521 Broome Ave, City=Austin, PhoneNum=212451859}
{Name=Lillian Walters, Address=67 White Ave, City=Austin, PhoneNum=212890858}
{Name=Lina Andrews, Address=453 White Ave, City=Austin, PhoneNum=212375079}
{Name=Lina Proctor, Address=419 Baxter Ave, City=Austin, PhoneNum=212130601}
{Name=Lina Reed, Address=77 Elizabeth Ave, City=Austin, PhoneNum=212073561}
{Name=Linda Chambers, Address=263 Eldridge Ave, City=Austin, PhoneNum=212609368}
{Name=Lindsay Dunn, Address=14 Baxter Ave, City=Austin, PhoneNum=212396644}
{Name=Lindsay Pacheco, Address=41 Broome Ave, City=Austin, PhoneNum=212987203}
{Name=Lionel Arellano, Address=122 Elizabeth Ave, City=Austin, PhoneNum=212701701}
{Name=Lisa Frazier, Address=226 Eldridge Ave, City=Austin, PhoneNum=212387448}
{Name=Lois Woodard, Address=423 Sullivan Ave, City=Austin, PhoneNum=212104427}
{Name=Lola Odom, Address=247 Elizabeth Ave, City=Austin, PhoneNum=212145406}
{Name=Lon Obrien, Address=13 White Ave, City=Austin, PhoneNum=212250744}
{Name=Lora Rivera, Address=24 White Ave, City=Austin, PhoneNum=212923541}
{Name=Loretta Pham, Address=87 Sullivan Ave, City=Austin, PhoneNum=212720175}
{Name=Lori Petersen, Address=484 Baxter Ave, City=Austin, PhoneNum=212259646}
{Name=Lorna Smith, Address=399 White Ave, City=Austin, PhoneNum=212971820}
{Name=Lorraine Hartman, Address=561 Sullivan Ave, City=Austin, PhoneNum=212021499}
{Name=Lorraine Odom, Address=420 Elizabeth Ave, City=Austin, PhoneNum=212921153}
{Name=Lorrie Browning, Address=105 Sullivan Ave, City=Austin, PhoneNum=212209045}
{Name=Louella Rodgers, Address=458 Baxter Ave, City=Austin, PhoneNum=212714700}
{Name=Lowell Mccarthy, Address=34 White Ave, City=Austin, PhoneNum=212667948}
{Name=Lowell Myers, Address=509 King Ave, City=Austin, PhoneNum=212017659}
{Name=Lucile Brandt, Address=53 White Ave, City=Austin, PhoneNum=212648449}
{Name=Luigi Mcintyre, Address=325 Baxter Ave, City=Austin, PhoneNum=212453145}
{Name=Luis Brown, Address=417 King Ave, City=Austin, PhoneNum=212350489}
{Name=Luis Raymond, Address=194 White Ave, City=Austin, PhoneNum=212488182}
{Name=Luis Weber, Address=142 White Ave, City=Austin, PhoneNum=212005318}
{Name=Luke Curry, Address=11 Eldridge Ave, City=Austin, PhoneNum=212920834}
{Name=Luz Dougherty, Address=565 King Ave, City=Austin, PhoneNum=212556804}
{Name=Lyle Perry, Address=492 Eldridge Ave, City=Austin, PhoneNum=212078423}
{Name=Lynda Berger, Address=117 Sullivan Ave, City=Austin, PhoneNum=212751641}
{Name=Lynnette Sawyer, Address=156 White Ave, City=Austin, PhoneNum=212923122}
{Name=Madeleine Hudson, Address=483 King Ave, City=Austin, PhoneNum=212908776}
{Name=Madeline Ford, Address=498 Baxter Ave, City=Austin, PhoneNum=212008419}
{Name=Madge Whitaker, Address=518 Broome Ave, City=Austin, PhoneNum=212374805}
{Name=Maha Allen, Address=409 White Ave, City=Austin, PhoneNum=212066281}
{Name=Mai Terrell, Address=13 Elizabeth Ave, City=Austin, PhoneNum=212955223}
{Name=Malik Pruitt, Address=164 Eldridge Ave, City=Austin, PhoneNum=212273301}
{Name=Marc Mercado, Address=268 King Ave, City=Austin, PhoneNum=212192324}
{Name=Marcella Pope, Address=422 Sullivan Ave, City=Austin, PhoneNum=212338449}
{Name=Marco Richard, Address=430 Broome Ave, City=Austin, PhoneNum=212585189}
{Name=Margaret Cherry, Address=541 White Ave, City=Austin, PhoneNum=212475082}
{Name=Margaret Manning, Address=216 Sullivan Ave, City=Austin, PhoneNum=212864769}
{Name=Margo Haynes, Address=88 Broome Ave, City=Austin, PhoneNum=212619739}
{Name=Margo Spears, Address=448 White Ave, City=Austin, PhoneNum=212206130}
{Name=Margret Booker, Address=59 Broome Ave, City=Austin, PhoneNum=212432947}
{Name=Margret Dorsey, Address=454 Broome Ave, City=Austin, PhoneNum=212311520}
{Name=Maria Lyons, Address=278 King Ave, City=Austin, PhoneNum=212482230}
{Name=Mariana Escobar, Address=330 Broome Ave, City=Austin, PhoneNum=212151396}
{Name=Marianne Pollard, Address=166 White Ave, City=Austin, PhoneNum=212447695}
{Name=Marietta Lane, Address=552 Sullivan Ave, City=Austin, PhoneNum=212190667}
{Name=Marjorie Skinner, Address=592 King Ave, City=Austin, PhoneNum=212078332}
{Name=Mark Mcgrath, Address=591 Baxter Ave, City=Austin, PhoneNum=212855593}
{Name=Markus Aguirre, Address=386 Elizabeth Ave, City=Austin, PhoneNum=212664113}
{Name=Marla Stanley, Address=409 Baxter Ave, City=Austin, PhoneNum=212660548}
{Name=Marlin Gordon, Address=384 Sullivan Ave, City=Austin, PhoneNum=212031057}
{Name=Martha Duke, Address=419 White Ave, City=Austin, PhoneNum=212262241}
{Name=Martina Carlson, Address=263 White Ave, City=Austin, PhoneNum=212279885}
{Name=Marva Anderson, Address=347 Elizabeth Ave, City=Austin, PhoneNum=212543210}
{Name=Marvin Mcdonald, Address=582 Eldridge Ave, City=Austin, PhoneNum=212876744}
{Name=Mattie Hahn, Address=22 Sullivan Ave, City=Austin, PhoneNum=212699981}
{Name=Maurice Chang, Address=570 Eldridge Ave, City=Austin, PhoneNum=212941292}
{Name=Mavis Mueller, Address=536 White Ave, City=Austin, PhoneNum=212838218}
{Name=Maynard Frank, Address=468 Baxter Ave, City=Austin, PhoneNum=212258954}
{Name=Mayra Mcintyre, Address=575 Broome Ave, City=Austin, PhoneNum=212811144}
{Name=Meagan Benson, Address=329 Elizabeth Ave, City=Austin, PhoneNum=212132822}
{Name=Mel Irwin, Address=124 Elizabeth Ave, City=Austin, PhoneNum=212110098}
{Name=Melanie Kelly, Address=102 Broome Ave, City=Austin, PhoneNum=212668134}
{Name=Melinda Estrada, Address=74 Sullivan Ave, City=Austin, PhoneNum=212300806}
{Name=Melissa Campos, Address=358 Eldridge Ave, City=Austin, PhoneNum=212158916}
{Name=Melody Harris, Address=219 White Ave, City=Austin, PhoneNum=212203697}
{Name=Melva Richmond, Address=183 Elizabeth Ave, City=Austin, PhoneNum=212452713}
{Name=Melvin Morgan, Address=165 Broome Ave, City=Austin, PhoneNum=212064661}
{Name=Melvin Vance, Address=432 Eldridge Ave, City=Austin, PhoneNum=212101007}
{Name=Melvin Wall, Address=221 Sullivan Ave, City=Austin, PhoneNum=212486414}
{Name=Mercedes Ryan, Address=2 White Ave, City=Austin, PhoneNum=212027033}
{Name=Michale Barnes, Address=393 Elizabeth Ave, City=Austin, PhoneNum=212973268}
{Name=Michale Dickson, Address=385 King Ave, City=Austin, PhoneNum=212164393}
{Name=Michale Mcbride, Address=557 King Ave, City=Austin, PhoneNum=212479372}
{Name=Michel Anthony, Address=225 Eldridge Ave, City=Austin, PhoneNum=212626815}
{Name=Michele Robles, Address=547 Eldridge Ave, City=Austin, PhoneNum=212880408}
{Name=Milagros Buchanan, Address=486 Sullivan Ave, City=Austin, PhoneNum=212310615}
{Name=Mildred Dillon, Address=152 Elizabeth Ave, City=Austin, PhoneNum=212460446}
{Name=Miranda Stone, Address=356 Eldridge Ave, City=Austin, PhoneNum=212322611}
{Name=Miriam Hardin, Address=222 Eldridge Ave, City=Austin, PhoneNum=212388649}
{Name=Misty Cain, Address=474 White Ave, City=Austin, PhoneNum=212347116}
{Name=Mitch Oneill, Address=40 Eldridge Ave, City=Austin, PhoneNum=212643144}
{Name=Mitchell Davidson, Address=214 White Ave, City=Austin, PhoneNum=212157945}
{Name=Mohammed Yang, Address=540 Sullivan Ave, City=Austin, PhoneNum=212476816}
{Name=Moises Benton, Address=264 White Ave, City=Austin, PhoneNum=212080322}
{Name=Moises Gonzales, Address=497 Elizabeth Ave, City=Austin, PhoneNum=212224645}
{Name=Molly Bryan, Address=334 Sullivan Ave, City=Austin, PhoneNum=212227346}
{Name=Monica Zuniga, Address=331 Elizabeth Ave, City=Austin, PhoneNum=212377145}
{Name=Monique Dunlap, Address=51 Baxter Ave, City=Austin, PhoneNum=212923058}
{Name=Monroe Liu, Address=165 Elizabeth Ave, City=Austin, PhoneNum=212537297}
{Name=Monte Nunez, Address=520 White Ave, City=Austin, PhoneNum=212001113}
{Name=Morgan Fry, Address=582 King Ave, City=Austin, PhoneNum=212928093}
{Name=Moshe Conway, Address=17 Broome Ave, City=Austin, PhoneNum=212537015}
{Name=Musab Crosby, Address=171 Baxter Ave, City=Austin, PhoneNum=212513565}
{Name=Myles Copeland, Address=270 Baxter Ave, City=Austin, PhoneNum=212075391}
{Name=Myles Pena, Address=151 Elizabeth Ave, City=Austin, PhoneNum=212467230}
{Name=Myra Giles, Address=68 Elizabeth Ave, City=Austin, PhoneNum=212688146}
{Name=Myrna Wong, Address=361 King Ave, City=Austin, PhoneNum=212370404}
{Name=Myron Dickerson, Address=23 Baxter Ave, City=Austin, PhoneNum=212657986}
{Name=Naomi Shaffer, Address=494 Sullivan Ave, City=Austin, PhoneNum=212677642}
{Name=Natasha Rocha, Address=487 Eldridge Ave, City=Austin, PhoneNum=212486522}
{Name=Nathan Flynn, Address=323 Broome Ave, City=Austin, PhoneNum=212052753}
{Name=Nathanael Johnston, Address=174 Broome Ave, City=Austin, PhoneNum=212127050}
{Name=Nathanael Morrow, Address=533 King Ave, City=Austin, PhoneNum=212343781}
{Name=Nathanial Maldonado, Address=52 King Ave, City=Austin, PhoneNum=212133829}
{Name=Nathaniel Dawson, Address=107 King Ave, City=Austin, PhoneNum=212711346}
{Name=Nathaniel Mcclain, Address=67 Elizabeth Ave, City=Austin, PhoneNum=212400875}
{Name=Neil Huang, Address=293 Broome Ave, City=Austin, PhoneNum=212829441}
{Name=Nelda Long, Address=579 Eldridge Ave, City=Austin, PhoneNum=212935537}
{Name=Nelda Randolph, Address=26 Elizabeth Ave, City=Austin, PhoneNum=212894372}
{Name=Nell Madden, Address=588 Elizabeth Ave, City=Austin, PhoneNum=212805000}
{Name=Nelson Raymond, Address=530 Elizabeth Ave, City=Austin, PhoneNum=212864402}
{Name=Nevaeh Caldwell, Address=119 Elizabeth Ave, City=Austin, PhoneNum=212305948}
{Name=Nicky Calderon, Address=560 White Ave, City=Austin, PhoneNum=212917474}
{Name=Nigel Stuart, Address=275 Broome Ave, City=Austin, PhoneNum=212073990}
{Name=Noah Garrett, Address=477 Elizabeth Ave, City=Austin, PhoneNum=212466255}
{Name=Noble Guzman, Address=456 Sullivan Ave, City=Austin, PhoneNum=212111726}
{Name=Noble Mooney, Address=574 Broome Ave, City=Austin, PhoneNum=212509475}
{Name=Nona Turner, Address=459 Baxter Ave, City=Austin, PhoneNum=212721911}
{Name=Nora Griffin, Address=204 Baxter Ave, City=Austin, PhoneNum=212585307}
{Name=Norma Gallagher, Address=141 Baxter Ave, City=Austin, PhoneNum=212732724}
{Name=Norman Brewer, Address=368 White Ave, City=Austin, PhoneNum=212509585}
{Name=Olga Blevins, Address=535 Elizabeth Ave, City=Austin, PhoneNum=212300394}
{Name=Olga Jenkins, Address=488 Elizabeth Ave, City=Austin, PhoneNum=212776710}
{Name=Olin Phelps, Address=307 Eldridge Ave, City=Austin, PhoneNum=212275452}
{Name=Olive Carpenter, Address=102 Elizabeth Ave, City=Austin, PhoneNum=212878958}
{Name=Oliver Christensen, Address=506 Eldridge Ave, City=Austin, PhoneNum=212822879}
{Name=Oliver Ingram, Address=124 White Ave, City=Austin, PhoneNum=212281185}
{Name=Olivia Gibson, Address=72 Baxter Ave, City=Austin, PhoneNum=212759951}
{Name=Omar Ball, Address=204 Sullivan Ave, City=Austin, PhoneNum=212083522}
{Name=Ophelia Abbott, Address=329 Baxter Ave, City=Austin, PhoneNum=212693960}
{Name=Orlando Estes, Address=280 Eldridge Ave, City=Austin, PhoneNum=212037333}
{Name=Oscar Clayton, Address=418 White Ave, City=Austin, PhoneNum=212099355}
{Name=Osvaldo Morales, Address=197 King Ave, City=Austin, PhoneNum=212146135}
{Name=Oswaldo Duffy, Address=219 King Ave, City=Austin, PhoneNum=212737441}
{Name=Otis Conley, Address=21 Elizabeth Ave, City=Austin, PhoneNum=212013945}
{Name=Otis Dawson, Address=278 Elizabeth Ave, City=Austin, PhoneNum=212842839}
{Name=Pansy Mata, Address=164 Baxter Ave, City=Austin, PhoneNum=212288234}
{Name=Patrica Schneider, Address=561 Broome Ave, City=Austin, PhoneNum=212728857}
{Name=Patricia Buck, Address=567 King Ave, City=Austin, PhoneNum=212578311}
{Name=Patti Lamb, Address=2 Baxter Ave, City=Austin, PhoneNum=212445014}
{Name=Paul Frost, Address=564 Broome Ave, City=Austin, PhoneNum=212826935}
{Name=Paula Harris, Address=314 White Ave, City=Austin, PhoneNum=212500350}
{Name=Paulette Melendez, Address=442 Eldridge Ave, City=Austin, PhoneNum=212713603}
{Name=Pedro Carter, Address=534 White Ave, City=Austin, PhoneNum=212934363}
{Name=Penny Schmidt, Address=49 Eldridge Ave, City=Austin, PhoneNum=212783219}
{Name=Percy Jackson, Address=28 Baxter Ave, City=Austin, PhoneNum=212552553}
{Name=Phil Cisneros, Address=588 Broome Ave, City=Austin, PhoneNum=212915664}
{Name=Pierre Grant, Address=38 Sullivan Ave, City=Austin, PhoneNum=212127239}
{Name=Pierre Hess, Address=344 Broome Ave, City=Austin, PhoneNum=212767192}
{Name=Porfirio Keith, Address=316 Baxter Ave, City=Austin, PhoneNum=212183514}
{Name=Porter Davenport, Address=416 King Ave, City=Austin, PhoneNum=212478571}
{Name=Preston Dillon, Address=211 Sullivan Ave, City=Austin, PhoneNum=212622820}
{Name=Preston Mcdaniel, Address=68 White Ave, City=Austin, PhoneNum=212024826}
{Name=Priscilla Lambert, Address=208 White Ave, City=Austin, PhoneNum=212775362}
{Name=Quinn Rocha, Address=56 Sullivan Ave, City=Austin, PhoneNum=212748420}
{Name=Rachelle Hart, Address=322 Eldridge Ave, City=Austin, PhoneNum=212624224}
{Name=Rafael Sullivan, Address=588 Baxter Ave, City=Austin, PhoneNum=212805477}
{Name=Raleigh Harvey, Address=390 Sullivan Ave, City=Austin, PhoneNum=212710182}
{Name=Raleigh Moody, Address=1 Eldridge Ave, City=Austin, PhoneNum=212114372}
{Name=Ralph Pacheco, Address=179 Eldridge Ave, City=Austin, PhoneNum=212834913}
{Name=Randal Strickland, Address=405 Eldridge Ave, City=Austin, PhoneNum=212727575}
{Name=Randall Bean, Address=590 Broome Ave, City=Austin, PhoneNum=212476636}
{Name=Randall Friedman, Address=123 Broome Ave, City=Austin, PhoneNum=212291459}
{Name=Randi Leon, Address=36 White Ave, City=Austin, PhoneNum=212423031}
{Name=Randolph Montes, Address=35 Elizabeth Ave, City=Austin, PhoneNum=212497961}
{Name=Raquel Ford, Address=484 Sullivan Ave, City=Austin, PhoneNum=212029227}
{Name=Raymon Fuentes, Address=220 Elizabeth Ave, City=Austin, PhoneNum=212713897}
{Name=Raymon Henry, Address=101 Sullivan Ave, City=Austin, PhoneNum=212260950}
{Name=Rebekah Castillo, Address=527 Elizabeth Ave, City=Austin, PhoneNum=212107974}
{Name=Rebekah Estrada, Address=329 King Ave, City=Austin, PhoneNum=212540060}
{Name=Rebekah Hays, Address=21 King Ave, City=Austin, PhoneNum=212752486}
{Name=Reed Hinton, Address=43 White Ave, City=Austin, PhoneNum=212114826}
{Name=Rena Bowman, Address=35 King Ave, City=Austin, PhoneNum=212818493}
{Name=Renato Solis, Address=220 Sullivan Ave, City=Austin, PhoneNum=212046878}
{Name=Reyes Sloan, Address=498 King Ave, City=Austin, PhoneNum=212808241}
{Name=Reynaldo Lawrence, Address=127 Eldridge Ave, City=Austin, PhoneNum=212608062}
{Name=Rhea Whitehead, Address=445 Sullivan Ave, City=Austin, PhoneNum=212038343}
{Name=Rhonda Nolan, Address=51 Broome Ave, City=Austin, PhoneNum=212616667}
{Name=Ricardo Berger, Address=503 Broome Ave, City=Austin, PhoneNum=212019330}
{Name=Ricky Park, Address=59 Elizabeth Ave, City=Austin, PhoneNum=212520931}
{Name=Rigoberto Maynard, Address=397 King Ave, City=Austin, PhoneNum=212941996}
{Name=Robbie Schultz, Address=356 Broome Ave, City=Austin, PhoneNum=212219391}
{Name=Robin Scott, Address=397 White Ave, City=Austin, PhoneNum=212864314}
{Name=Robyn Mcdowell, Address=450 Broome Ave, City=Austin, PhoneNum=212299724}
{Name=Rodrigo Dudley, Address=269 Eldridge Ave, City=Austin, PhoneNum=212938473}
{Name=Rodrigo Mahoney, Address=221 Elizabeth Ave, City=Austin, PhoneNum=212476240}
{Name=Rolando Fuentes, Address=417 Broome Ave, City=Austin, PhoneNum=212829062}
{Name=Rolf Santana, Address=437 Sullivan Ave, City=Austin, PhoneNum=212370227}
{Name=Rolland Pitts, Address=61 White Ave, City=Austin, PhoneNum=212395954}
{Name=Ron Ward, Address=253 Broome Ave, City=Austin, PhoneNum=212439038}
{Name=Roosevelt Chapman, Address=132 Sullivan Ave, City=Austin, PhoneNum=212714503}
{Name=Roosevelt Curtis, Address=248 Sullivan Ave, City=Austin, PhoneNum=212228770}
{Name=Rosanne Harmon, Address=564 King Ave, City=Austin, PhoneNum=212615757}
{Name=Roseann Tanner, Address=62 Eldridge Ave, City=Austin, PhoneNum=212780915}
{Name=Rosella Short, Address=11 King Ave, City=Austin, PhoneNum=212535637}
{Name=Roslyn Hunter, Address=518 Baxter Ave, City=Austin, PhoneNum=212597675}
{Name=Royce Jefferson, Address=590 Eldridge Ave, City=Austin, PhoneNum=212612461}
{Name=Ruby Joseph, Address=455 Broome Ave, City=Austin, PhoneNum=212806846}
{Name=Rudolph Barton, Address=554 White Ave, City=Austin, PhoneNum=212115460}
{Name=Rueben Olsen, Address=326 White Ave, City=Austin, PhoneNum=212172237}
{Name=Rupert Walker, Address=244 Sullivan Ave, City=Austin, PhoneNum=212222660}
{Name=Russ Collins, Address=7 Baxter Ave, City=Austin, PhoneNum=212806116}
{Name=Russ Meyer, Address=1 Broome Ave, City=Austin, PhoneNum=212914628}
{Name=Rusty Zuniga, Address=287 Baxter Ave, City=Austin, PhoneNum=212469622}
{Name=Sal Jennings, Address=112 Eldridge Ave, City=Austin, PhoneNum=212432675}
{Name=Salahuddin Watt, Address=289 King Ave, City=Austin, PhoneNum=212102173}
{Name=Sammie Bradley, Address=438 Eldridge Ave, City=Austin, PhoneNum=212582497}
{Name=Sanford Randolph, Address=125 Elizabeth Ave, City=Austin, PhoneNum=212397655}
{Name=Sang Knight, Address=242 King Ave, City=Austin, PhoneNum=212470680}
{Name=Sarah Ewing, Address=16 White Ave, City=Austin, PhoneNum=212114975}
{Name=Sasha Rodgers, Address=292 King Ave, City=Austin, PhoneNum=212928848}
{Name=Saundra Wise, Address=437 Eldridge Ave, City=Austin, PhoneNum=212591081}
{Name=Savannah Holloway, Address=306 White Ave, City=Austin, PhoneNum=212057566}
{Name=Scotty Rojas, Address=427 Broome Ave, City=Austin, PhoneNum=212473243}
{Name=Shae Black, Address=211 Baxter Ave, City=Austin, PhoneNum=212822341}
{Name=Shana Sanchez, Address=252 Eldridge Ave, City=Austin, PhoneNum=212002134}
{Name=Shawn Mullins, Address=498 White Ave, City=Austin, PhoneNum=212592474}
{Name=Shayne Nolan, Address=237 King Ave, City=Austin, PhoneNum=212771593}
{Name=Sheena Olsen, Address=87 Elizabeth Ave, City=Austin, PhoneNum=212545444}
{Name=Sheila Mcintyre, Address=534 Eldridge Ave, City=Austin, PhoneNum=212324191}
{Name=Shelley Lara, Address=45 Sullivan Ave, City=Austin, PhoneNum=212565921}
{Name=Shon Burgess, Address=431 Elizabeth Ave, City=Austin, PhoneNum=212901511}
{Name=Shon Marks, Address=457 Eldridge Ave, City=Austin, PhoneNum=212904010}
{Name=Sidney Zamora, Address=38 Elizabeth Ave, City=Austin, PhoneNum=212785039}
{Name=Silvia Werner, Address=342 Elizabeth Ave, City=Austin, PhoneNum=212226109}
{Name=Sohaib Franks, Address=277 Eldridge Ave, City=Austin, PhoneNum=212638611}
{Name=Son Bowen, Address=79 Baxter Ave, City=Austin, PhoneNum=212501110}
{Name=Sondra Savage, Address=379 Broome Ave, City=Austin, PhoneNum=212127477}
{Name=Sonny Woodard, Address=462 White Ave, City=Austin, PhoneNum=212138926}
{Name=Spencer Ward, Address=489 Broome Ave, City=Austin, PhoneNum=212649776}
{Name=Staci Shannon, Address=596 Baxter Ave, City=Austin, PhoneNum=212203467}
{Name=Stefan Grant, Address=433 Eldridge Ave, City=Austin, PhoneNum=212251031}
{Name=Stefan Webster, Address=43 Eldridge Ave, City=Austin, PhoneNum=212859222}
{Name=Stuart Snow, Address=359 Baxter Ave, City=Austin, PhoneNum=212039899}
{Name=Sue Fox, Address=562 White Ave, City=Austin, PhoneNum=212312481}
{Name=Sung Knapp, Address=313 Baxter Ave, City=Austin, PhoneNum=212554237}
{Name=Susanne Larsen, Address=214 Elizabeth Ave, City=Austin, PhoneNum=212196080}
{Name=Susie Hendrix, Address=322 White Ave, City=Austin, PhoneNum=212594052}
{Name=Sylvester Bryant, Address=462 Baxter Ave, City=Austin, PhoneNum=212922127}
{Name=Sylvester Johns, Address=402 White Ave, City=Austin, PhoneNum=212520200}
{Name=Sylvia Daugherty, Address=383 Eldridge Ave, City=Austin, PhoneNum=212937494}
{Name=Sylvie Curtis, Address=422 Broome Ave, City=Austin, PhoneNum=212488410}
{Name=Tabitha Carter, Address=470 Elizabeth Ave, City=Austin, PhoneNum=212145983}
{Name=Tabitha Maldonado, Address=22 King Ave, City=Austin, PhoneNum=212997662}
{Name=Tad Burgess, Address=127 Elizabeth Ave, City=Austin, PhoneNum=212842874}
{Name=Tad Davila, Address=20 Elizabeth Ave, City=Austin, PhoneNum=212430337}
{Name=Tad Howell, Address=423 Eldridge Ave, City=Austin, PhoneNum=212215667}
{Name=Tamara Acevedo, Address=290 King Ave, City=Austin, PhoneNum=212795437}
{Name=Tamera Esparza, Address=41 King Ave, City=Austin, PhoneNum=212289991}
{Name=Tami Hughes, Address=279 Baxter Ave, City=Austin, PhoneNum=212512087}
{Name=Tania Baldwin, Address=258 Baxter Ave, City=Austin, PhoneNum=212325458}
{Name=Tara Stone, Address=481 White Ave, City=Austin, PhoneNum=212960964}
{Name=Tasha Love, Address=155 Broome Ave, City=Austin, PhoneNum=212697468}
{Name=Tasha West, Address=340 Eldridge Ave, City=Austin, PhoneNum=212245938}
{Name=Teddie O'Sullivan, Address=128 Baxter Ave, City=Austin, PhoneNum=212564307}
{Name=Terra Armstrong, Address=419 Sullivan Ave, City=Austin, PhoneNum=212998591}
{Name=Terrence Perry, Address=103 Baxter Ave, City=Austin, PhoneNum=212325580}
{Name=Terri Poole, Address=226 King Ave, City=Austin, PhoneNum=212718326}
{Name=Terrie Lindsey, Address=105 Broome Ave, City=Austin, PhoneNum=212920836}
{Name=Thad Wheeler, Address=376 King Ave, City=Austin, PhoneNum=212301820}
{Name=Thaddeus Zhang, Address=581 Elizabeth Ave, City=Austin, PhoneNum=212166948}
{Name=Thanh Fields, Address=305 Broome Ave, City=Austin, PhoneNum=212234934}
{Name=Theodore Ewing, Address=189 Sullivan Ave, City=Austin, PhoneNum=212927585}
{Name=Theresa Hinton, Address=232 Eldridge Ave, City=Austin, PhoneNum=212428051}
{Name=Therese Flores, Address=366 Elizabeth Ave, City=Austin, PhoneNum=212029631}
{Name=Thomas Warner, Address=205 Baxter Ave, City=Austin, PhoneNum=212155440}
{Name=Tia Schmitt, Address=503 Baxter Ave, City=Austin, PhoneNum=212258483}
{Name=Tisha Hunter, Address=501 Elizabeth Ave, City=Austin, PhoneNum=212687404}
{Name=Tisha Macias, Address=440 Broome Ave, City=Austin, PhoneNum=212599398}
{Name=Todd Ryan, Address=352 King Ave, City=Austin, PhoneNum=212640798}
{Name=Tom Guerrero, Address=79 Sullivan Ave, City=Austin, PhoneNum=212283676}
{Name=Tom Powell, Address=206 Broome Ave, City=Austin, PhoneNum=212858020}
{Name=Tory Estes, Address=154 Broome Ave, City=Austin, PhoneNum=212081266}
{Name=Trevor Shannon, Address=438 Elizabeth Ave, City=Austin, PhoneNum=212709534}
{Name=Trey Conrad, Address=521 King Ave, City=Austin, PhoneNum=212451799}
{Name=Trey Lawson, Address=522 Sullivan Ave, City=Austin, PhoneNum=212981481}
{Name=Trisha Mata, Address=321 Elizabeth Ave, City=Austin, PhoneNum=212519264}
{Name=Tuan Palmer, Address=532 King Ave, City=Austin, PhoneNum=212338832}
{Name=Ty Choi, Address=100 Baxter Ave, City=Austin, PhoneNum=212705492}
{Name=Tyler Roberts, Address=199 Elizabeth Ave, City=Austin, PhoneNum=212362586}
{Name=Ulysses Acevedo, Address=433 Baxter Ave, City=Austin, PhoneNum=212812791}
{Name=Valentin Lowe, Address=454 Elizabeth Ave, City=Austin, PhoneNum=212430103}
{Name=Valentine Stout, Address=392 Baxter Ave, City=Austin, PhoneNum=212142585}
{Name=Vanessa Odonnell, Address=156 Eldridge Ave, City=Austin, PhoneNum=212006929}
{Name=Velma Burnett, Address=141 Sullivan Ave, City=Austin, PhoneNum=212575990}
{Name=Velma Lynn, Address=433 Elizabeth Ave, City=Austin, PhoneNum=212317806}
{Name=Vera Rodriguez, Address=296 Broome Ave, City=Austin, PhoneNum=212563461}
{Name=Vern Warren, Address=541 Broome Ave, City=Austin, PhoneNum=212850630}
{Name=Victor Potter, Address=419 Elizabeth Ave, City=Austin, PhoneNum=212915227}
{Name=Victoria Ferguson, Address=471 Eldridge Ave, City=Austin, PhoneNum=212049946}
{Name=Vincenzo Hubbard, Address=48 Sullivan Ave, City=Austin, PhoneNum=212365498}
{Name=Violet Sparks, Address=421 Broome Ave, City=Austin, PhoneNum=212834915}
{Name=Virgilio Haley, Address=142 Broome Ave, City=Austin, PhoneNum=212310002}
{Name=Walker Michael, Address=223 Broome Ave, City=Austin, PhoneNum=212484694}
{Name=Wallace Lane, Address=152 Eldridge Ave, City=Austin, PhoneNum=212386176}
{Name=Wallace Spencer, Address=128 Eldridge Ave, City=Austin, PhoneNum=212515398}
{Name=Walton Mcintosh, Address=580 Broome Ave, City=Austin, PhoneNum=212103501}
{Name=Walton Stark, Address=484 King Ave, City=Austin, PhoneNum=212906763}
{Name=Warren Hamilton, Address=618 White Ave, City=Austin, PhoneNum=212279761}
{Name=Weldon Keller, Address=344 Elizabeth Ave, City=Austin, PhoneNum=212280215}
{Name=Weldon Koch, Address=478 White Ave, City=Austin, PhoneNum=212258096}
{Name=Weldon Michael, Address=143 Baxter Ave, City=Austin, PhoneNum=212586209}
{Name=Wendy Mckenzie, Address=544 Broome Ave, City=Austin, PhoneNum=212753316}
{Name=Werner Wall, Address=22 White Ave, City=Austin, PhoneNum=212697269}
{Name=Wesley Irwin, Address=42 Broome Ave, City=Austin, PhoneNum=212484058}
{Name=Wesley Mathews, Address=246 King Ave, City=Austin, PhoneNum=212290556}
{Name=Whitney Carroll, Address=121 White Ave, City=Austin, PhoneNum=212490755}
{Name=Whitney Wood, Address=40 Sullivan Ave, City=Austin, PhoneNum=212214111}
{Name=Wilber Adkins, Address=197 Eldridge Ave, City=Austin, PhoneNum=212000566}
{Name=Wilber Kerr, Address=596 White Ave, City=Austin, PhoneNum=212145317}
{Name=Wilbert Newton, Address=541 Sullivan Ave, City=Austin, PhoneNum=212138508}
{Name=Wilbur Hull, Address=309 Eldridge Ave, City=Austin, PhoneNum=212403505}
{Name=Wilbur Morgan, Address=132 Eldridge Ave, City=Austin, PhoneNum=212271286}
{Name=Wilda Austin, Address=256 Broome Ave, City=Austin, PhoneNum=212435017}
{Name=Wilma Carney, Address=28 Sullivan Ave, City=Austin, PhoneNum=212736345}
{Name=Wilma George, Address=57 Baxter Ave, City=Austin, PhoneNum=212595289}
{Name=Wilma Glenn, Address=582 Elizabeth Ave, City=Austin, PhoneNum=212140299}
{Name=Wm Lucero, Address=255 King Ave, City=Austin, PhoneNum=212280914}
{Name=Xavier Mckinney, Address=63 White Ave, City=Austin, PhoneNum=212445949}
{Name=Yvonne Archer, Address=297 Eldridge Ave, City=Austin, PhoneNum=212333737}
{Name=Zane Mathews, Address=244 Eldridge Ave, City=Austin, PhoneNum=212642220}
{Name=Zelma Galvan, Address=351 White Ave, City=Austin, PhoneNum=212056235}
